fetch_ts_utc,fetch_ts_ist,symbol,expiry_date,strike,option_type,underlying_value,bid_price,bid_qty,ask_price,ask_qty,ltp,mid_price,open_interest,change_in_oi,total_traded_volume,pchange_vs_prev_close,nse_iv,delta,gamma,theta,vega,vanna,charm,vomma,speed,zomma,color,veta,omega,dual_delta,dual_gamma,time_to_expiry_years,futures_price,implied_cost_of_carry,dividend_yield_used,dividend_yield_source,risk_free_rate_used,india_vix,lot_size,underlying_day_open,underlying_day_high,underlying_day_low,underlying_prev_close,price_source_for_iv,data_quality_flag
2026-09-29T10:07:53.742489+00:00,2026-09-29T15:37:53.742489+05:30,NIFTY,29-Sep-2026,15000.0,CE,22716.2,7685.8,260,7947.2,1690,0.0,7816.5,0,0,0,0,0,,,,,,,,,,,,,,,0.0,,,,,,13.35,65,22732.45,22753.25,22569.65,22780.25,mid_price,no_price_available
2026-09-29T10:07:53.742489+00:00,2026-09-29T15:37:53.742489+05:30,NIFTY,29-Sep-2026,15000.0,PE,22716.2,,0,0.05,15340,0.05,,1278,-73,3377,-83.33333333333333,223.06,,,,,,,,,,,,,,,0.0,,,,,,13.35,65,22732.45,22753.25,22569.65,22780.25,ltp,no_price_available
2026-09-29T10:07:53.742489+00:00,2026-09-29T15:37:53.742489+05:30,NIFTY,29-Sep-2026,16500.0,CE,22716.2,6191.7,325,6600.6,780,0.0,6396.15,0,0,0,0,0,,,,,,,,,,,,,,,0.0,,,,,,13.35,65,22732.45,22753.25,22569.65,22780.25,mid_price,no_price_available
2026-09-29T10:07:53.742489+00:00,2026-09-29T15:37:53.742489+05:30,NIFTY,29-Sep-2026,16500.0,PE,22716.2,,0,0.1,7865,0.05,,1380,428,7126,-88.88888888888889,166.7,,,,,,,,,,,,,,,0.0,,,,,,13.35,65,22732.45,22753.25,22569.65,22780.25,ltp,no_price_available
2026-09-29T10:07:53.742489+00:00,2026-09-29T15:37:53.742489+05:30,NIFTY,29-Sep-2026,18000.0,CE,22716.2,4634.5,780,4788,780,4700,4711.25,12,0,3,-9.441233140655106,0,,,,,,,,,,,,,,,0.0,,,,,,13.35,65,22732.45,22753.25,22569.65,22780.25,mid_price,no_price_available
2026-09-29T10:07:53.742489+00:00,2026-09-29T15:37:53.742489+05:30,NIFTY,29-Sep-2026,18000.0,PE,22716.2,,0,0.05,40820,0.05,,3526,-1208,7157,-90,123.48,,,,,,,,,,,,,,,0.0,,,,,,13.35,65,22732.45,22753.25,22569.65,22780.25,ltp,no_price_available
2026-09-29T10:07:53.742489+00:00,2026-09-29T15:37:53.742489+05:30,NIFTY,29-Sep-2026,19500.0,CE,22716.2,3202.65,130,3219.95,1495,3189,3211.3,874,-177,519,-3.5375610641419257,0,,,,,,,,,,,,,,,0.0,,,,,,13.35,65,22732.45,22753.25,22569.65,22780.25,mid_price,no_price_available
2026-09-29T10:07:53.742489+00:00,2026-09-29T15:37:53.742489+05:30,NIFTY,29-Sep-2026,19500.0,PE,22716.2,,0,0.05,26065,0.05,,7183,-2547,23457,-87.5,83.09,,,,,,,,,,,,,,,0.0,,,,,,13.35,65,22732.45,22753.25,22569.65,22780.25,ltp,no_price_available
2026-09-29T10:07:53.742489+00:00,2026-09-29T15:37:53.742489+05:30,NIFTY,29-Sep-2026,20500.0,CE,22716.2,1938.7,780,2441.45,780,0.0,2190.075,0,0,0,0,0,,,,,,,,,,,,,,,0.0,,,,,,13.35,65,22732.45,22753.25,22569.65,22780.25,mid_price,no_price_available
2026-09-29T10:07:53.742489+00:00,2026-09-29T15:37:53.742489+05:30,NIFTY,29-Sep-2026,20500.0,PE,22716.2,,0,0.05,15860,0.05,,2076,0,23295,-99.71181556195965,57.34,,,,,,,,,,,,,,,0.0,,,,,,13.35,65,22732.45,22753.25,22569.65,22780.25,ltp,no_price_available
2026-09-29T10:07:53.742489+00:00,2026-09-29T15:37:53.742489+05:30,NIFTY,29-Sep-2026,20550.0,CE,22716.2,1894.9,2535,2599.55,1690,0.0,2247.2250000000004,0,0,0,0,0,,,,,,,,,,,,,,,0.0,,,,,,13.35,65,22732.45,22753.25,22569.65,22780.25,mid_price,no_price_available
2026-09-29T10:07:53.742489+00:00,2026-09-29T15:37:53.742489+05:30,NIFTY,29-Sep-2026,20550.0,PE,22716.2,0.05,520,0.1,780,0.05,0.07500000000000001,284,0,1249,-99.73333333333333,56.07,,,,,,,,,,,,,,,0.0,,,,,,13.35,65,22732.45,22753.25,22569.65,22780.25,mid_price,no_price_available
2026-09-29T10:07:53.742489+00:00,2026-09-29T15:37:53.742489+05:30,NIFTY,29-Sep-2026,20600.0,CE,22716.2,1849.75,2535,2331.8,780,0.0,2090.775,0,0,0,0,0,,,,,,,,,,,,,,,0.0,,,,,,13.35,65,22732.45,22753.25,22569.65,22780.25,mid_price,no_price_available
2026-09-29T10:07:53.742489+00:00,2026-09-29T15:37:53.742489+05:30,NIFTY,29-Sep-2026,20600.0,PE,22716.2,,0,0.1,65,0.05,,485,0,2645,-99.75247524752476,54.81,,,,,,,,,,,,,,,0.0,,,,,,13.35,65,22732.45,22753.25,22569.65,22780.25,ltp,no_price_available
2026-09-29T10:07:53.742489+00:00,2026-09-29T15:37:53.742489+05:30,NIFTY,29-Sep-2026,20650.0,CE,22716.2,1806.4,2535,2278.15,780,0.0,2042.275,0,0,0,0,0,,,,,,,,,,,,,,,0.0,,,,,,13.35,65,22732.45,22753.25,22569.65,22780.25,mid_price,no_price_available
2026-09-29T10:07:53.742489+00:00,2026-09-29T15:37:53.742489+05:30,NIFTY,29-Sep-2026,20650.0,PE,22716.2,,0,0.15,780,0.05,,503,0,1485,-99.77064220183486,53.54,,,,,,,,,,,,,,,0.0,,,,,,13.35,65,22732.45,22753.25,22569.65,22780.25,ltp,no_price_available
2026-09-29T10:07:53.742489+00:00,2026-09-29T15:37:53.742489+05:30,NIFTY,29-Sep-2026,20700.0,CE,22716.2,1754.5,2535,2162.05,780,0.0,1958.275,0,0,0,0,0,,,,,,,,,,,,,,,0.0,,,,,,13.35,65,22732.45,22753.25,22569.65,22780.25,mid_price,no_price_available
2026-09-29T10:07:53.742489+00:00,2026-09-29T15:37:53.742489+05:30,NIFTY,29-Sep-2026,20700.0,PE,22716.2,0.05,130,0.15,1235,0.05,0.1,536,0,2735,-99.7867803837953,52.27,,,,,,,,,,,,,,,0.0,,,,,,13.35,65,22732.45,22753.25,22569.65,22780.25,mid_price,no_price_available
2026-09-29T10:07:53.742489+00:00,2026-09-29T15:37:53.742489+05:30,NIFTY,29-Sep-2026,20750.0,CE,22716.2,1718.15,2535,2109.6,780,0.0,1913.875,0,0,0,0,0,,,,,,,,,,,,,,,0.0,,,,,,13.35,65,22732.45,22753.25,22569.65,22780.25,mid_price,no_price_available
2026-09-29T10:07:53.742489+00:00,2026-09-29T15:37:53.742489+05:30,NIFTY,29-Sep-2026,20750.0,PE,22716.2,,0,0.05,2405,0.05,,851,0,2438,-99.8019801980198,55.4,,,,,,,,,,,,,,,0.0,,,,,,13.35,65,22732.45,22753.25,22569.65,22780.25,ltp,no_price_available
2026-09-29T10:07:53.742489+00:00,2026-09-29T15:37:53.742489+05:30,NIFTY,29-Sep-2026,20800.0,CE,22716.2,1666.75,2535,2293.95,780,0.0,1980.35,0,0,0,0,0,,,,,,,,,,,,,,,0.0,,,,,,13.35,65,22732.45,22753.25,22569.65,22780.25,mid_price,no_price_available
2026-09-29T10:07:53.742489+00:00,2026-09-29T15:37:53.742489+05:30,NIFTY,29-Sep-2026,20800.0,PE,22716.2,,0,0.05,2405,0.05,,2267,-1891,16297,-90,49.75,,,,,,,,,,,,,,,0.0,,,,,,13.35,65,22732.45,22753.25,22569.65,22780.25,ltp,no_price_available
2026-09-29T10:07:53.742489+00:00,2026-09-29T15:37:53.742489+05:30,NIFTY,29-Sep-2026,20850.0,CE,22716.2,1858.85,2210,2005.65,780,0.0,1932.25,0,0,0,0,0,,,,,,,,,,,,,,,0.0,,,,,,13.35,65,22732.45,22753.25,22569.65,22780.25,mid_price,no_price_available
2026-09-29T10:07:53.742489+00:00,2026-09-29T15:37:53.742489+05:30,NIFTY,29-Sep-2026,20850.0,PE,22716.2,,0,0.05,1105,0.05,,628,-106,2596,-92.3076923076923,48.49,,,,,,,,,,,,,,,0.0,,,,,,13.35,65,22732.45,22753.25,22569.65,22780.25,ltp,no_price_available
2026-09-29T10:07:53.742489+00:00,2026-09-29T15:37:53.742489+05:30,NIFTY,29-Sep-2026,20900.0,CE,22716.2,1585.5,2535,1918.4,780,0.0,1751.95,0,0,0,0,0,,,,,,,,,,,,,,,0.0,,,,,,13.35,65,22732.45,22753.25,22569.65,22780.25,mid_price,no_price_available
2026-09-29T10:07:53.742489+00:00,2026-09-29T15:37:53.742489+05:30,NIFTY,29-Sep-2026,20900.0,PE,22716.2,,0,0.1,26910,0.05,,1395,-672,11025,-92.3076923076923,47.23,,,,,,,,,,,,,,,0.0,,,,,,13.35,65,22732.45,22753.25,22569.65,22780.25,ltp,no_price_available
2026-09-29T10:07:53.742489+00:00,2026-09-29T15:37:53.742489+05:30,NIFTY,29-Sep-2026,20950.0,CE,22716.2,1759.25,2210,1941.35,780,0.0,1850.3,0,0,0,0,0,,,,,,,,,,,,,,,0.0,,,,,,13.35,65,22732.45,22753.25,22569.65,22780.25,mid_price,no_price_available
2026-09-29T10:07:53.742489+00:00,2026-09-29T15:37:53.742489+05:30,NIFTY,29-Sep-2026,20950.0,PE,22716.2,,0,0.05,65,0.15,,543,160,1884,-72.72727272727273,49.98,,,,,,,,,,,,,,,0.0,,,,,,13.35,65,22732.45,22753.25,22569.65,22780.25,ltp,no_price_available
2026-09-29T10:07:53.742489+00:00,2026-09-29T15:37:53.742489+05:30,NIFTY,29-Sep-2026,21000.0,CE,22716.2,1718,130,1722.6,65,1714.65,1720.3,3222,-467,1473,-5.531528057078317,0,,,,,,,,,,,,,,,0.0,,,,,,13.35,65,22732.45,22753.25,22569.65,22780.25,mid_price,no_price_available
2026-09-29T10:07:53.742489+00:00,2026-09-29T15:37:53.742489+05:30,NIFTY,29-Sep-2026,21000.0,PE,22716.2,,0,0.05,151320,0.05,,52530,-67412,411131,-92.85714285714286,44.71,,,,,,,,,,,,,,,0.0,,,,,,13.35,65,22732.45,22753.25,22569.65,22780.25,ltp,no_price_available
2026-09-29T10:07:53.742489+00:00,2026-09-29T15:37:53.742489+05:30,NIFTY,29-Sep-2026,21050.0,CE,22716.2,1659.6,2210,1727.9,780,0.0,1693.75,0,0,0,0,0,,,,,,,,,,,,,,,0.0,,,,,,13.35,65,22732.45,22753.25,22569.65,22780.25,mid_price,no_price_available
2026-09-29T10:07:53.742489+00:00,2026-09-29T15:37:53.742489+05:30,NIFTY,29-Sep-2026,21050.0,PE,22716.2,,0,0.1,8970,0.05,,1310,150,10706,-92.85714285714286,43.45,,,,,,,,,,,,,,,0.0,,,,,,13.35,65,22732.45,22753.25,22569.65,22780.25,ltp,no_price_available
2026-09-29T10:07:53.742489+00:00,2026-09-29T15:37:53.742489+05:30,NIFTY,29-Sep-2026,21100.0,CE,22716.2,1401.55,2535,1742.45,780,0.0,1572.0,0,0,0,0,0,,,,,,,,,,,,,,,0.0,,,,,,13.35,65,22732.45,22753.25,22569.65,22780.25,mid_price,no_price_available
2026-09-29T10:07:53.742489+00:00,2026-09-29T15:37:53.742489+05:30,NIFTY,29-Sep-2026,21100.0,PE,22716.2,,0,0.05,16900,0.05,,3284,-3523,34039,-93.33333333333333,42.2,,,,,,,,,,,,,,,0.0,,,,,,13.35,65,22732.45,22753.25,22569.65,22780.25,ltp,no_price_available
2026-09-29T10:07:53.742489+00:00,2026-09-29T15:37:53.742489+05:30,NIFTY,29-Sep-2026,21150.0,CE,22716.2,1560,2210,1690.35,780,0.0,1625.175,0,0,0,0,0,,,,,,,,,,,,,,,0.0,,,,,,13.35,65,22732.45,22753.25,22569.65,22780.25,mid_price,no_price_available
2026-09-29T10:07:53.742489+00:00,2026-09-29T15:37:53.742489+05:30,NIFTY,29-Sep-2026,21150.0,PE,22716.2,,0,0.15,650,0.05,,695,-53,2583,-93.33333333333333,40.94,,,,,,,,,,,,,,,0.0,,,,,,13.35,65,22732.45,22753.25,22569.65,22780.25,ltp,no_price_available
2026-09-29T10:07:53.742489+00:00,2026-09-29T15:37:53.742489+05:30,NIFTY,29-Sep-2026,21200.0,CE,22716.2,1319.95,2535,1677.05,780,0.0,1498.5,0,0,0,0,0,,,,,,,,,,,,,,,0.0,,,,,,13.35,65,22732.45,22753.25,22569.65,22780.25,mid_price,no_price_available
2026-09-29T10:07:53.742489+00:00,2026-09-29T15:37:53.742489+05:30,NIFTY,29-Sep-2026,21200.0,PE,22716.2,,0,0.05,13780,0.05,,3376,-2695,45533,-93.75,39.69,,,,,,,,,,,,,,,0.0,,,,,,13.35,65,22732.45,22753.25,22569.65,22780.25,ltp,no_price_available
2026-09-29T10:07:53.742489+00:00,2026-09-29T15:37:53.742489+05:30,NIFTY,29-Sep-2026,21250.0,CE,22716.2,1269.25,2535,1622.45,780,0.0,1445.85,0,0,0,0,0,,,,,,,,,,,,,,,0.0,,,,,,13.35,65,22732.45,22753.25,22569.65,22780.25,mid_price,no_price_available
2026-09-29T10:07:53.742489+00:00,2026-09-29T15:37:53.742489+05:30,NIFTY,29-Sep-2026,21250.0,PE,22716.2,,0,0.05,325,0.05,,1328,-76,11264,-93.75,40.51,,,,,,,,,,,,,,,0.0,,,,,,13.35,65,22732.45,22753.25,22569.65,22780.25,ltp,no_price_available
2026-09-29T10:07:53.742489+00:00,2026-09-29T15:37:53.742489+05:30,NIFTY,29-Sep-2026,21300.0,CE,22716.2,1232.2,2535,1568,780,0.0,1400.1,0,0,0,0,0,,,,,,,,,,,,,,,0.0,,,,,,13.35,65,22732.45,22753.25,22569.65,22780.25,mid_price,no_price_available
2026-09-29T10:07:53.742489+00:00,2026-09-29T15:37:53.742489+05:30,NIFTY,29-Sep-2026,21300.0,PE,22716.2,,0,0.05,4355,0.05,,3495,452,34014,-92.85714285714286,37.18,,,,,,,,,,,,,,,0.0,,,,,,13.35,65,22732.45,22753.25,22569.65,22780.25,ltp,no_price_available
2026-09-29T10:07:53.742489+00:00,2026-09-29T15:37:53.742489+05:30,NIFTY,29-Sep-2026,21350.0,CE,22716.2,1190.75,2535,1400.9,780,0.0,1295.825,0,0,0,0,0,,,,,,,,,,,,,,,0.0,,,,,,13.35,65,22732.45,22753.25,22569.65,22780.25,mid_price,no_price_available
2026-09-29T10:07:53.742489+00:00,2026-09-29T15:37:53.742489+05:30,NIFTY,29-Sep-2026,21350.0,PE,22716.2,,0,0.05,215865,0.05,,12273,-826,62569,-92.85714285714286,35.92,,,,,,,,,,,,,,,0.0,,,,,,13.35,65,22732.45,22753.25,22569.65,22780.25,ltp,no_price_available
2026-09-29T10:07:53.742489+00:00,2026-09-29T15:37:53.742489+05:30,NIFTY,29-Sep-2026,21400.0,CE,22716.2,1311.3,1755,1459.85,780,0.0,1385.5749999999998,1,0,0,0,0,,,,,,,,,,,,,,,0.0,,,,,,13.35,65,22732.45,22753.25,22569.65,22780.25,mid_price,no_price_available
2026-09-29T10:07:53.742489+00:00,2026-09-29T15:37:53.742489+05:30,NIFTY,29-Sep-2026,21400.0,PE,22716.2,,0,0.05,545285,0.05,,25982,-7431,179468,-92.85714285714286,34.67,,,,,,,,,,,,,,,0.0,,,,,,13.35,65,22732.45,22753.25,22569.65,22780.25,ltp,no_price_available
2026-09-29T10:07:53.742489+00:00,2026-09-29T15:37:53.742489+05:30,NIFTY,29-Sep-2026,21450.0,CE,22716.2,1103.4,2535,1300.8,780,0.0,1202.1,0,0,0,0,0,,,,,,,,,,,,,,,0.0,,,,,,13.35,65,22732.45,22753.25,22569.65,22780.25,mid_price,no_price_available
2026-09-29T10:07:53.742489+00:00,2026-09-29T15:37:53.742489+05:30,NIFTY,29-Sep-2026,21450.0,PE,22716.2,,0,0.1,85670,0.05,,7039,3089,38301,-94.73684210526316,35.25,,,,,,,,,,,,,,,0.0,,,,,,13.35,65,22732.45,22753.25,22569.65,22780.25,ltp,no_price_available
2026-09-29T10:07:53.742489+00:00,2026-09-29T15:37:53.742489+05:30,NIFTY,29-Sep-2026,21500.0,CE,22716.2,1212.6,1950,1219.85,1950,1203,1216.225,12,10,20,-8.482312666413085,0,,,,,,,,,,,,,,,0.0,,,,,,13.35,65,22732.45,22753.25,22569.65,22780.25,mid_price,no_price_available
2026-09-29T10:07:53.742489+00:00,2026-09-29T15:37:53.742489+05:30,NIFTY,29-Sep-2026,21500.0,PE,22716.2,0.05,1393535,0.1,1046045,0.05,0.07500000000000001,74714,11917,361864,-94.11764705882354,32.16,,,,,,,,,,,,,,,0.0,,,,,,13.35,65,22732.45,22753.25,22569.65,22780.25,mid_price,no_price_available
2026-09-29T10:07:53.742489+00:00,2026-09-29T15:37:53.742489+05:30,NIFTY,29-Sep-2026,21550.0,CE,22716.2,1161.9,1755,1197.4,780,0.0,1179.65,0,0,0,0,0,,,,,,,,,,,,,,,0.0,,,,,,13.35,65,22732.45,22753.25,22569.65,22780.25,mid_price,no_price_available
2026-09-29T10:07:53.742489+00:00,2026-09-29T15:37:53.742489+05:30,NIFTY,29-Sep-2026,21550.0,PE,22716.2,,0,0.05,39455,0.05,,4421,1103,47358,-95.23809523809524,30.9,,,,,,,,,,,,,,,0.0,,,,,,13.35,65,22732.45,22753.25,22569.65,22780.25,ltp,no_price_available
2026-09-29T10:07:53.742489+00:00,2026-09-29T15:37:53.742489+05:30,NIFTY,29-Sep-2026,21600.0,CE,22716.2,1114.1,3510,1118.9,1755,1028.25,1116.5,96,-136,276,-15.923957481602617,0,,,,,,,,,,,,,,,0.0,,,,,,13.35,65,22732.45,22753.25,22569.65,22780.25,mid_price,no_price_available
2026-09-29T10:07:53.742489+00:00,2026-09-29T15:37:53.742489+05:30,NIFTY,29-Sep-2026,21600.0,PE,22716.2,,0,0.05,539175,0.05,,31735,18314,308706,-94.11764705882354,29.65,,,,,,,,,,,,,,,0.0,,,,,,13.35,65,22732.45,22753.25,22569.65,22780.25,ltp,no_price_available
2026-09-29T10:07:53.742489+00:00,2026-09-29T15:37:53.742489+05:30,NIFTY,29-Sep-2026,21650.0,CE,22716.2,921.05,2535,1099.1,780,0.0,1010.0749999999999,1,0,0,0,70.79,,,,,,,,,,,,,,,0.0,,,,,,13.35,65,22732.45,22753.25,22569.65,22780.25,mid_price,no_price_available
2026-09-29T10:07:53.742489+00:00,2026-09-29T15:37:53.742489+05:30,NIFTY,29-Sep-2026,21650.0,PE,22716.2,,0,0.05,93340,0.05,,9533,-321,116343,-94.44444444444444,28.39,,,,,,,,,,,,,,,0.0,,,,,,13.35,65,22732.45,22753.25,22569.65,22780.25,ltp,no_price_available
2026-09-29T10:07:53.742489+00:00,2026-09-29T15:37:53.742489+05:30,NIFTY,29-Sep-2026,21700.0,CE,22716.2,1012.5,1755,1132.85,780,0.0,1072.675,0,0,0,0,33.96,,,,,,,,,,,,,,,0.0,,,,,,13.35,65,22732.45,22753.25,22569.65,22780.25,mid_price,no_price_available
2026-09-29T10:07:53.742489+00:00,2026-09-29T15:37:53.742489+05:30,NIFTY,29-Sep-2026,21700.0,PE,22716.2,,0,0.05,535405,0.05,,34337,8939,324340,-94.44444444444444,27.14,,,,,,,,,,,,,,,0.0,,,,,,13.35,65,22732.45,22753.25,22569.65,22780.25,ltp,no_price_available
2026-09-29T10:07:53.742489+00:00,2026-09-29T15:37:53.742489+05:30,NIFTY,29-Sep-2026,21750.0,CE,22716.2,815.15,2535,998.4,780,0.0,906.775,1,0,0,0,67.78,,,,,,,,,,,,,,,0.0,,,,,,13.35,65,22732.45,22753.25,22569.65,22780.25,mid_price,no_price_available
2026-09-29T10:07:53.742489+00:00,2026-09-29T15:37:53.742489+05:30,NIFTY,29-Sep-2026,21750.0,PE,22716.2,0.05,843830,0.1,422565,0.05,0.07500000000000001,20468,8407,126088,-95.45454545454545,25.88,,,,,,,,,,,,,,,0.0,,,,,,13.35,65,22732.45,22753.25,22569.65,22780.25,mid_price,no_price_available
2026-09-29T10:07:53.742489+00:00,2026-09-29T15:37:53.742489+05:30,NIFTY,29-Sep-2026,21800.0,CE,22716.2,912.8,3575,918.05,1755,912.65,915.425,9,7,46,-17.077048882427768,0,,,,,,,,,,,,,,,0.0,,,,,,13.35,65,22732.45,22753.25,22569.65,22780.25,mid_price,no_price_available
2026-09-29T10:07:53.742489+00:00,2026-09-29T15:37:53.742489+05:30,NIFTY,29-Sep-2026,21800.0,PE,22716.2,,0,0.05,403390,0.05,,50143,-1048,595786,-95.45454545454545,24.62,,,,,,,,,,,,,,,0.0,,,,,,13.35,65,22732.45,22753.25,22569.65,22780.25,ltp,no_price_available
2026-09-29T10:07:53.742489+00:00,2026-09-29T15:37:53.742489+05:30,NIFTY,29-Sep-2026,21850.0,CE,22716.2,860.65,1755,872.5,1755,758.45,866.575,1,0,2,-39.324,0,,,,,,,,,,,,,,,0.0,,,,,,13.35,65,22732.45,22753.25,22569.65,22780.25,mid_price,no_price_available
2026-09-29T10:07:53.742489+00:00,2026-09-29T15:37:53.742489+05:30,NIFTY,29-Sep-2026,21850.0,PE,22716.2,,0,0.05,4875,0.05,,9862,-1581,222369,-96,23.36,,,,,,,,,,,,,,,0.0,,,,,,13.35,65,22732.45,22753.25,22569.65,22780.25,ltp,no_price_available
2026-09-29T10:07:53.742489+00:00,2026-09-29T15:37:53.742489+05:30,NIFTY,29-Sep-2026,21900.0,CE,22716.2,814.05,3510,817.8,65,813.95,815.925,47,38,185,-16.943877551020407,0,,,,,,,,,,,,,,,0.0,,,,,,13.35,65,22732.45,22753.25,22569.65,22780.25,mid_price,no_price_available
2026-09-29T10:07:53.742489+00:00,2026-09-29T15:37:53.742489+05:30,NIFTY,29-Sep-2026,21900.0,PE,22716.2,,0,0.05,38090,0.05,,49709,18576,800074,-96.42857142857143,22.1,,,,,,,,,,,,,,,0.0,,,,,,13.35,65,22732.45,22753.25,22569.65,22780.25,ltp,no_price_available
2026-09-29T10:07:53.742489+00:00,2026-09-29T15:37:53.742489+05:30,NIFTY,29-Sep-2026,21950.0,CE,22716.2,762.3,4030,770.1,1755,761.8,766.2,10,8,55,-39.91402768466301,0,,,,,,,,,,,,,,,0.0,,,,,,13.35,65,22732.45,22753.25,22569.65,22780.25,mid_price,no_price_available
2026-09-29T10:07:53.742489+00:00,2026-09-29T15:37:53.742489+05:30,NIFTY,29-Sep-2026,21950.0,PE,22716.2,,0,0.05,205010,0.05,,27962,17691,389491,-96.7741935483871,20.83,,,,,,,,,,,,,,,0.0,,,,,,13.35,65,22732.45,22753.25,22569.65,22780.25,ltp,no_price_available
2026-09-29T10:07:53.742489+00:00,2026-09-29T15:37:53.742489+05:30,NIFTY,29-Sep-2026,22000.0,CE,22716.2,715.95,260,716,130,717,715.975,3465,-280,11758,-11.948913176961808,0,,,,,,,,,,,,,,,0.0,,,,,,13.35,65,22732.45,22753.25,22569.65,22780.25,mid_price,no_price_available
2026-09-29T10:07:53.742489+00:00,2026-09-29T15:37:53.742489+05:30,NIFTY,29-Sep-2026,22000.0,PE,22716.2,,0,0.05,489775,0.05,,186398,-16819,2242216,-97.14285714285714,19.56,,,,,,,,,,,,,,,0.0,,,,,,13.35,65,22732.45,22753.25,22569.65,22780.25,ltp,no_price_available
2026-09-29T10:07:53.742489+00:00,2026-09-29T15:37:53.742489+05:30,NIFTY,29-Sep-2026,22050.0,CE,22716.2,665.3,130,666.4,65,640,665.8499999999999,49,39,328,-16.389052191521326,0,,,,,,,,,,,,,,,0.0,,,,,,13.35,65,22732.45,22753.25,22569.65,22780.25,mid_price,no_price_available
2026-09-29T10:07:53.742489+00:00,2026-09-29T15:37:53.742489+05:30,NIFTY,29-Sep-2026,22050.0,PE,22716.2,,0,0.05,112905,0.05,,26966,11787,990954,-97.5609756097561,18.29,,,,,,,,,,,,,,,0.0,,,,,,13.35,65,22732.45,22753.25,22569.65,22780.25,ltp,no_price_available
2026-09-29T10:07:53.742489+00:00,2026-09-29T15:37:53.742489+05:30,NIFTY,29-Sep-2026,22100.0,CE,22716.2,615.35,130,617.45,1755,617.4,616.4000000000001,499,463,1948,-13.158449961319361,0,,,,,,,,,,,,,,,0.0,,,,,,13.35,65,22732.45,22753.25,22569.65,22780.25,mid_price,no_price_available
2026-09-29T10:07:53.742489+00:00,2026-09-29T15:37:53.742489+05:30,NIFTY,29-Sep-2026,22100.0,PE,22716.2,,0,0.05,226915,0.05,,62295,24167,1848438,-97.61904761904762,17.02,,,,,,,,,,,,,,,0.0,,,,,,13.35,65,22732.45,22753.25,22569.65,22780.25,ltp,no_price_available
2026-09-29T10:07:53.742489+00:00,2026-09-29T15:37:53.742489+05:30,NIFTY,29-Sep-2026,22150.0,CE,22716.2,565.3,3120,566.2,585,566.2,565.75,143,50,1333,-15.315584804068202,0,,,,,,,,,,,,,,,0.0,,,,,,13.35,65,22732.45,22753.25,22569.65,22780.25,mid_price,no_price_available
2026-09-29T10:07:53.742489+00:00,2026-09-29T15:37:53.742489+05:30,NIFTY,29-Sep-2026,22150.0,PE,22716.2,,0,0.05,533260,0.05,,31286,14528,1320286,-97.87234042553192,15.74,,,,,,,,,,,,,,,0.0,,,,,,13.35,65,22732.45,22753.25,22569.65,22780.25,ltp,no_price_available
2026-09-29T10:07:53.742489+00:00,2026-09-29T15:37:53.742489+05:30,NIFTY,29-Sep-2026,22200.0,CE,22716.2,515.85,65,517.2,1755,515.9,516.5250000000001,643,514,7637,-16.595263115350416,0,,,,,,,,,,,,,,,0.0,,,,,,13.35,65,22732.45,22753.25,22569.65,22780.25,mid_price,no_price_available
2026-09-29T10:07:53.742489+00:00,2026-09-29T15:37:53.742489+05:30,NIFTY,29-Sep-2026,22200.0,PE,22716.2,,0,0.05,91390,0.05,,82522,11956,2158512,-98.07692307692308,14.46,,,,,,,,,,,,,,,0.0,,,,,,13.35,65,22732.45,22753.25,22569.65,22780.25,ltp,no_price_available
2026-09-29T10:07:53.742489+00:00,2026-09-29T15:37:53.742489+05:30,NIFTY,29-Sep-2026,22250.0,CE,22716.2,465.45,3250,466.9,260,467,466.17499999999995,596,528,7127,-17.738242029240798,0,,,,,,,,,,,,,,,0.0,,,,,,13.35,65,22732.45,22753.25,22569.65,22780.25,mid_price,no_price_available
2026-09-29T10:07:53.742489+00:00,2026-09-29T15:37:53.742489+05:30,NIFTY,29-Sep-2026,22250.0,PE,22716.2,,0,0.05,25740,0.05,,40602,16221,1449935,-98.33333333333333,13.17,,,,,,,,,,,,,,,0.0,,,,,,13.35,65,22732.45,22753.25,22569.65,22780.25,ltp,no_price_available
2026-09-29T10:07:53.742489+00:00,2026-09-29T15:37:53.742489+05:30,NIFTY,29-Sep-2026,22300.0,CE,22716.2,415.4,585,416.25,130,415.4,415.825,2380,2186,59497,-19.68290796597061,0,,,,,,,,,,,,,,,0.0,,,,,,13.35,65,22732.45,22753.25,22569.65,22780.25,mid_price,no_price_available
2026-09-29T10:07:53.742489+00:00,2026-09-29T15:37:53.742489+05:30,NIFTY,29-Sep-2026,22300.0,PE,22716.2,,0,0.05,359905,0.05,,84376,10845,3162169,-98.52941176470588,11.88,,,,,,,,,,,,,,,0.0,,,,,,13.35,65,22732.45,22753.25,22569.65,22780.25,ltp,no_price_available
2026-09-29T10:07:53.742489+00:00,2026-09-29T15:37:53.742489+05:30,NIFTY,29-Sep-2026,22350.0,CE,22716.2,365.55,2795,366.35,1040,365.55,365.95000000000005,1455,1058,44533,-21.949396818618556,0,,,,,,,,,,,,,,,0.0,,,,,,13.35,65,22732.45,22753.25,22569.65,22780.25,mid_price,no_price_available
2026-09-29T10:07:53.742489+00:00,2026-09-29T15:37:53.742489+05:30,NIFTY,29-Sep-2026,22350.0,PE,22716.2,0.05,2488525,0.1,1211210,0.05,0.07500000000000001,62417,31815,3485705,-98.83720930232558,10.57,,,,,,,,,,,,,,,0.0,,,,,,13.35,65,22732.45,22753.25,22569.65,22780.25,mid_price,no_price_available
2026-09-29T10:07:53.742489+00:00,2026-09-29T15:37:53.742489+05:30,NIFTY,29-Sep-2026,22400.0,CE,22716.2,315.6,1690,315.95,260,315.6,315.775,4037,3587,241742,-24.740670084654823,0,,,,,,,,,,,,,,,0.0,,,,,,13.35,65,22732.45,22753.25,22569.65,22780.25,mid_price,no_price_available
2026-09-29T10:07:53.742489+00:00,2026-09-29T15:37:53.742489+05:30,NIFTY,29-Sep-2026,22400.0,PE,22716.2,,0,0.05,69615,0.05,,86621,11449,6688373,-99.07407407407408,9.26,,,,,,,,,,,,,,,0.0,,,,,,13.35,65,22732.45,22753.25,22569.65,22780.25,ltp,no_price_available
2026-09-29T10:07:53.742489+00:00,2026-09-29T15:37:53.742489+05:30,NIFTY,29-Sep-2026,22450.0,CE,22716.2,265.65,1365,266,260,265.65,265.825,2828,2234,285201,-28.07635034520103,0,,,,,,,,,,,,,,,0.0,,,,,,13.35,65,22732.45,22753.25,22569.65,22780.25,mid_price,no_price_available
2026-09-29T10:07:53.742489+00:00,2026-09-29T15:37:53.742489+05:30,NIFTY,29-Sep-2026,22450.0,PE,22716.2,0.05,1547780,0.1,1268085,0.1,0.07500000000000001,56187,16775,7146147,-98.6013986013986,7.93,,,,,,,,,,,,,,,0.0,,,,,,13.35,65,22732.45,22753.25,22569.65,22780.25,mid_price,no_price_available
2026-09-29T10:07:53.742489+00:00,2026-09-29T15:37:53.742489+05:30,NIFTY,29-Sep-2026,22500.0,CE,22716.2,215.75,1755,215.95,520,215.8,215.85,23430,10362,1926472,-33.08527131782946,0,,,,,,,,,,,,,,,0.0,,,,,,13.35,65,22732.45,22753.25,22569.65,22780.25,mid_price,no_price_available
2026-09-29T10:07:53.742489+00:00,2026-09-29T15:37:53.742489+05:30,NIFTY,29-Sep-2026,22500.0,PE,22716.2,0.05,4544475,0.1,3180970,0.1,0.07500000000000001,151079,-15209,15706676,-98.99497487437186,7.06,,,,,,,,,,,,,,,0.0,,,,,,13.35,65,22732.45,22753.25,22569.65,22780.25,mid_price,no_price_available
2026-09-29T10:07:53.742489+00:00,2026-09-29T15:37:53.742489+05:30,NIFTY,29-Sep-2026,22550.0,CE,22716.2,165.85,1755,165.95,130,165.95,165.89999999999998,83437,82378,2713193,-40.00361532899494,0,,,,,,,,,,,,,,,0.0,,,,,,13.35,65,22732.45,22753.25,22569.65,22780.25,mid_price,no_price_available
2026-09-29T10:07:53.742489+00:00,2026-09-29T15:37:53.742489+05:30,NIFTY,29-Sep-2026,22550.0,PE,22716.2,,0,0.05,71825,0.05,,158615,107771,14578426,-99.62825278810409,5.62,,,,,,,,,,,,,,,0.0,,,,,,13.35,65,22732.45,22753.25,22569.65,22780.25,ltp,no_price_available
2026-09-29T10:07:53.742489+00:00,2026-09-29T15:37:53.742489+05:30,NIFTY,29-Sep-2026,22600.0,CE,22716.2,115.95,2015,116.15,260,116,116.05000000000001,51195,46501,9923196,-49.913644214162346,0,,,,,,,,,,,,,,,0.0,,,,,,13.35,65,22732.45,22753.25,22569.65,22780.25,mid_price,no_price_available
2026-09-29T10:07:53.742489+00:00,2026-09-29T15:37:53.742489+05:30,NIFTY,29-Sep-2026,22600.0,PE,22716.2,,0,0.05,1435785,0.05,,232421,110210,25173932,-99.73474801061008,3.84,,,,,,,,,,,,,,,0.0,,,,,,13.35,65,22732.45,22753.25,22569.65,22780.25,ltp,no_price_available
2026-09-29T10:07:53.742489+00:00,2026-09-29T15:37:53.742489+05:30,NIFTY,29-Sep-2026,22650.0,CE,22716.2,66.05,130520,66.2,130,66.05,66.125,92184,88454,13649954,-65.04366234453559,0,,,,,,,,,,,,,,,0.0,,,,,,13.35,65,22732.45,22753.25,22569.65,22780.25,mid_price,no_price_available
2026-09-29T10:07:53.742489+00:00,2026-09-29T15:37:53.742489+05:30,NIFTY,29-Sep-2026,22650.0,PE,22716.2,,0,0.05,1127555,0.05,,203831,133309,21304737,-99.80879541108986,2.4,,,,,,,,,,,,,,,0.0,,,,,,13.35,65,22732.45,22753.25,22569.65,22780.25,ltp,no_price_available
2026-09-29T10:07:53.742489+00:00,2026-09-29T15:37:53.742489+05:30,NIFTY,29-Sep-2026,22700.0,CE,22716.2,16.15,1430,16.2,152035,16.2,16.174999999999997,255033,235974,26309102,-89.1638795986622,0,,,,,,,,,,,,,,,0.0,,,,,,13.35,65,22732.45,22753.25,22569.65,22780.25,mid_price,no_price_available
2026-09-29T10:07:53.742489+00:00,2026-09-29T15:37:53.742489+05:30,NIFTY,29-Sep-2026,22700.0,PE,22716.2,,0,0.05,5532150,0.05,,315043,180276,19799013,-99.86320109439124,0.86,,,,,,,,,,,,,,,0.0,,,,,,13.35,65,22732.45,22753.25,22569.65,22780.25,ltp,no_price_available
2026-09-29T10:07:53.742489+00:00,2026-09-29T15:37:53.742489+05:30,NIFTY,29-Sep-2026,22750.0,CE,22716.2,,0,0.05,922025,0.05,,194029,161990,16475187,-99.95635093845482,1.02,,,,,,,,,,,,,,,0.0,,,,,,13.35,65,22732.45,22753.25,22569.65,22780.25,ltp,no_price_available
2026-09-29T10:07:53.742489+00:00,2026-09-29T15:37:53.742489+05:30,NIFTY,29-Sep-2026,22750.0,PE,22716.2,33.75,8970,33.85,845,33.75,33.8,59042,-41410,6635797,-34.84555984555985,3.48,,,,,,,,,,,,,,,0.0,,,,,,13.35,65,22732.45,22753.25,22569.65,22780.25,mid_price,no_price_available
2026-09-29T10:07:53.742489+00:00,2026-09-29T15:37:53.742489+05:30,NIFTY,29-Sep-2026,22800.0,CE,22716.2,0.05,6342635,0.1,4454255,0.05,0.07500000000000001,167749,-10812,16684875,-99.94061757719714,2.76,,,,,,,,,,,,,,,0.0,,,,,,13.35,65,22732.45,22753.25,22569.65,22780.25,mid_price,no_price_available
2026-09-29T10:07:53.742489+00:00,2026-09-29T15:37:53.742489+05:30,NIFTY,29-Sep-2026,22800.0,PE,22716.2,83.65,1690,83.8,2990,83.65,83.725,45803,-123439,4244305,17.074877536738978,6.42,,,,,,,,,,,,,,,0.0,,,,,,13.35,65,22732.45,22753.25,22569.65,22780.25,mid_price,no_price_available
2026-09-29T10:07:53.742489+00:00,2026-09-29T15:37:53.742489+05:30,NIFTY,29-Sep-2026,22850.0,CE,22716.2,,0,0.05,202345,0.05,,85901,-43941,8828595,-99.9172870140612,4.27,,,,,,,,,,,,,,,0.0,,,,,,13.35,65,22732.45,22753.25,22569.65,22780.25,ltp,no_price_available
2026-09-29T10:07:53.742489+00:00,2026-09-29T15:37:53.742489+05:30,NIFTY,29-Sep-2026,22850.0,PE,22716.2,133.65,325,133.9,65,133.7,133.775,26628,-44119,1061461,37.410071942446045,8.93,,,,,,,,,,,,,,,0.0,,,,,,13.35,65,22732.45,22753.25,22569.65,22780.25,mid_price,no_price_available
2026-09-29T10:07:53.742489+00:00,2026-09-29T15:37:53.742489+05:30,NIFTY,29-Sep-2026,22900.0,CE,22716.2,,0,0.05,226850,0.05,,110480,-87896,9293229,-99.88262910798122,5.33,,,,,,,,,,,,,,,0.0,,,,,,13.35,65,22732.45,22753.25,22569.65,22780.25,ltp,no_price_available
2026-09-29T10:07:53.742489+00:00,2026-09-29T15:37:53.742489+05:30,NIFTY,29-Sep-2026,22900.0,PE,22716.2,183.8,13520,184.2,130,183.8,184.0,31362,-45978,835832,42.3702556158017,11.34,,,,,,,,,,,,,,,0.0,,,,,,13.35,65,22732.45,22753.25,22569.65,22780.25,mid_price,no_price_available
2026-09-29T10:07:53.742489+00:00,2026-09-29T15:37:53.742489+05:30,NIFTY,29-Sep-2026,22950.0,CE,22716.2,0.05,1749800,0.1,1304550,0.1,0.07500000000000001,80049,-38452,5057906,-99.6661101836394,7.13,,,,,,,,,,,,,,,0.0,,,,,,13.35,65,22732.45,22753.25,22569.65,22780.25,mid_price,no_price_available
2026-09-29T10:07:53.742489+00:00,2026-09-29T15:37:53.742489+05:30,NIFTY,29-Sep-2026,22950.0,PE,22716.2,233.75,130,234,2275,234,233.875,13085,-22512,164737,40.37192561487702,14.2,,,,,,,,,,,,,,,0.0,,,,,,13.35,65,22732.45,22753.25,22569.65,22780.25,mid_price,no_price_available
2026-09-29T10:07:53.742489+00:00,2026-09-29T15:37:53.742489+05:30,NIFTY,29-Sep-2026,23000.0,CE,22716.2,0.05,2754895,0.1,3186755,0.05,0.07500000000000001,176937,-140371,7219828,-99.76798143851508,8.52,,,,,,,,,,,,,,,0.0,,,,,,13.35,65,22732.45,22753.25,22569.65,22780.25,mid_price,no_price_available
2026-09-29T10:07:53.742489+00:00,2026-09-29T15:37:53.742489+05:30,NIFTY,29-Sep-2026,23000.0,PE,22716.2,283.35,1950,283.8,17745,283.8,283.57500000000005,49483.769230769234,-42968,349090,36.90303907380608,16.22,,,,,,,,,,,,,,,0.0,,,,,,13.35,65,22732.45,22753.25,22569.65,22780.25,mid_price,no_price_available
2026-09-29T10:07:53.742489+00:00,2026-09-29T15:37:53.742489+05:30,NIFTY,29-Sep-2026,23050.0,CE,22716.2,,0,0.05,90415,0.05,,53642,-40529,2910822,-99.67105263157895,9.26,,,,,,,,,,,,,,,0.0,,,,,,13.35,65,22732.45,22753.25,22569.65,22780.25,ltp,no_price_available
2026-09-29T10:07:53.742489+00:00,2026-09-29T15:37:53.742489+05:30,NIFTY,29-Sep-2026,23050.0,PE,22716.2,333.7,65,334.95,520,333.6,334.325,8760,-6315,39540,32.6441351888668,18.56,,,,,,,,,,,,,,,0.0,,,,,,13.35,65,22732.45,22753.25,22569.65,22780.25,mid_price,no_price_available
2026-09-29T10:07:53.742489+00:00,2026-09-29T15:37:53.742489+05:30,NIFTY,29-Sep-2026,23100.0,CE,22716.2,0.05,2844205,0.1,2828215,0.05,0.07500000000000001,118876,-90944,3297054,-99.55357142857143,10.53,,,,,,,,,,,,,,,0.0,,,,,,13.35,65,22732.45,22753.25,22569.65,22780.25,mid_price,no_price_available
2026-09-29T10:07:53.742489+00:00,2026-09-29T15:37:53.742489+05:30,NIFTY,29-Sep-2026,23100.0,PE,22716.2,383.5,1950,384,260,384,383.75,36675,-26968,94260,29.81744421906694,20.56,,,,,,,,,,,,,,,0.0,,,,,,13.35,65,22732.45,22753.25,22569.65,22780.25,mid_price,no_price_available
2026-09-29T10:07:53.742489+00:00,2026-09-29T15:37:53.742489+05:30,NIFTY,29-Sep-2026,23150.0,CE,22716.2,,0,0.05,247390,0.05,,47000,-44576,2168124,-99.44444444444444,11.79,,,,,,,,,,,,,,,0.0,,,,,,13.35,65,22732.45,22753.25,22569.65,22780.25,ltp,no_price_available
2026-09-29T10:07:53.742489+00:00,2026-09-29T15:37:53.742489+05:30,NIFTY,29-Sep-2026,23150.0,PE,22716.2,433.1,130,433.95,1300,433.95,433.525,8623,-9352,27904,26.203286316707867,22.86,,,,,,,,,,,,,,,0.0,,,,,,13.35,65,22732.45,22753.25,22569.65,22780.25,mid_price,no_price_available
2026-09-29T10:07:53.742489+00:00,2026-09-29T15:37:53.742489+05:30,NIFTY,29-Sep-2026,23200.0,CE,22716.2,,0,0.05,496795,0.05,,137197,-76156,2699700,-99.33774834437087,13.85,,,,,,,,,,,,,,,0.0,,,,,,13.35,65,22732.45,22753.25,22569.65,22780.25,ltp,no_price_available
2026-09-29T10:07:53.742489+00:00,2026-09-29T15:37:53.742489+05:30,NIFTY,29-Sep-2026,23200.0,PE,22716.2,483.5,455,484.6,1495,484.6,484.05,25190,-13798,41038,23.46496815286624,24.93,,,,,,,,,,,,,,,0.0,,,,,,13.35,65,22732.45,22753.25,22569.65,22780.25,mid_price,no_price_available
2026-09-29T10:07:53.742489+00:00,2026-09-29T15:37:53.742489+05:30,NIFTY,29-Sep-2026,23250.0,CE,22716.2,0.05,34255,0.1,585,0.05,0.07500000000000001,57440,-95333,1719666,-99.25373134328358,14.26,,,,,,,,,,,,,,,0.0,,,,,,13.35,65,22732.45,22753.25,22569.65,22780.25,mid_price,no_price_available
2026-09-29T10:07:53.742489+00:00,2026-09-29T15:37:53.742489+05:30,NIFTY,29-Sep-2026,23250.0,PE,22716.2,534.1,65,534.95,1365,534.95,534.5250000000001,19310,-10277,29787,20.810749774164407,27.89,,,,,,,,,,,,,,,0.0,,,,,,13.35,65,22732.45,22753.25,22569.65,22780.25,mid_price,no_price_available
2026-09-29T10:07:53.742489+00:00,2026-09-29T15:37:53.742489+05:30,NIFTY,29-Sep-2026,23300.0,CE,22716.2,,0,0.05,528060,0.05,,115613,-64737,2266638,-99.14529914529915,15.48,,,,,,,,,,,,,,,0.0,,,,,,13.35,65,22732.45,22753.25,22569.65,22780.25,ltp,no_price_available
2026-09-29T10:07:53.742489+00:00,2026-09-29T15:37:53.742489+05:30,NIFTY,29-Sep-2026,23300.0,PE,22716.2,584,65,585,1755,584.05,584.5,20487,-13610,32875,18.444534577164877,29.35,,,,,,,,,,,,,,,0.0,,,,,,13.35,65,22732.45,22753.25,22569.65,22780.25,mid_price,no_price_available
2026-09-29T10:07:53.742489+00:00,2026-09-29T15:37:53.742489+05:30,NIFTY,29-Sep-2026,23350.0,CE,22716.2,,0,0.05,22230,0.05,,53686,-30155,985357,-99.07407407407408,16.68,,,,,,,,,,,,,,,0.0,,,,,,13.35,65,22732.45,22753.25,22569.65,22780.25,ltp,no_price_available
2026-09-29T10:07:53.742489+00:00,2026-09-29T15:37:53.742489+05:30,NIFTY,29-Sep-2026,23350.0,PE,22716.2,633.55,130,636.05,520,636.4,634.8,5214,-1921,5717,17.092916283348664,30.03,,,,,,,,,,,,,,,0.0,,,,,,13.35,65,22732.45,22753.25,22569.65,22780.25,mid_price,no_price_available
2026-09-29T10:07:53.742489+00:00,2026-09-29T15:37:53.742489+05:30,NIFTY,29-Sep-2026,23400.0,CE,22716.2,,0,0.05,294450,0.05,,115660,-90273,1558009,-98.96907216494846,17.88,,,,,,,,,,,,,,,0.0,,,,,,13.35,65,22732.45,22753.25,22569.65,22780.25,ltp,no_price_available
2026-09-29T10:07:53.742489+00:00,2026-09-29T15:37:53.742489+05:30,NIFTY,29-Sep-2026,23400.0,PE,22716.2,683.25,65,685,975,685,684.125,26572,-7098,16527,15.973927029543724,33.17,,,,,,,,,,,,,,,0.0,,,,,,13.35,65,22732.45,22753.25,22569.65,22780.25,mid_price,no_price_available
2026-09-29T10:07:53.742489+00:00,2026-09-29T15:37:53.742489+05:30,NIFTY,29-Sep-2026,23450.0,CE,22716.2,,0,0.05,261820,0.05,,32721,-28221,591153,-98.85057471264368,19.07,,,,,,,,,,,,,,,0.0,,,,,,13.35,65,22732.45,22753.25,22569.65,22780.25,ltp,no_price_available
2026-09-29T10:07:53.742489+00:00,2026-09-29T15:37:53.742489+05:30,NIFTY,29-Sep-2026,23450.0,PE,22716.2,734,130,736.4,1170,734.2,735.2,8247,-2122,5763,14.826399749765406,36.91,,,,,,,,,,,,,,,0.0,,,,,,13.35,65,22732.45,22753.25,22569.65,22780.25,mid_price,no_price_available
2026-09-29T10:07:53.742489+00:00,2026-09-29T15:37:53.742489+05:30,NIFTY,29-Sep-2026,23500.0,CE,22716.2,,0,0.05,384020,0.05,,194436,-61828,1987697,-98.75,20.26,,,,,,,,,,,,,,,0.0,,,,,,13.35,65,22732.45,22753.25,22569.65,22780.25,ltp,no_price_available
2026-09-29T10:07:53.742489+00:00,2026-09-29T15:37:53.742489+05:30,NIFTY,29-Sep-2026,23500.0,PE,22716.2,784.2,65,784.35,260,784.35,784.2750000000001,37033,-11462,23200,13.3699501336995,36.54,,,,,,,,,,,,,,,0.0,,,,,,13.35,65,22732.45,22753.25,22569.65,22780.25,mid_price,no_price_available
2026-09-29T10:07:53.742489+00:00,2026-09-29T15:37:53.742489+05:30,NIFTY,29-Sep-2026,23550.0,CE,22716.2,0.05,208390,0.1,693550,0.05,0.07500000000000001,38525,-44488,427279,-98.61111111111111,22.68,,,,,,,,,,,,,,,0.0,,,,,,13.35,65,22732.45,22753.25,22569.65,22780.25,mid_price,no_price_available
2026-09-29T10:07:53.742489+00:00,2026-09-29T15:37:53.742489+05:30,NIFTY,29-Sep-2026,23550.0,PE,22716.2,835,390,836.8,1755,836,835.9,2386,-1349,1800,13.141155772093652,40.64,,,,,,,,,,,,,,,0.0,,,,,,13.35,65,22732.45,22753.25,22569.65,22780.25,mid_price,no_price_available
2026-09-29T10:07:53.742489+00:00,2026-09-29T15:37:53.742489+05:30,NIFTY,29-Sep-2026,23600.0,CE,22716.2,,0,0.05,195260,0.05,,72965,-73825,842741,-98.46153846153847,22.6,,,,,,,,,,,,,,,0.0,,,,,,13.35,65,22732.45,22753.25,22569.65,22780.25,ltp,no_price_available
2026-09-29T10:07:53.742489+00:00,2026-09-29T15:37:53.742489+05:30,NIFTY,29-Sep-2026,23600.0,PE,22716.2,884.2,65,887,65,885,885.6,5326,-3993,7345,11.99696279422931,41.04,,,,,,,,,,,,,,,0.0,,,,,,13.35,65,22732.45,22753.25,22569.65,22780.25,mid_price,no_price_available
2026-09-29T10:07:53.742489+00:00,2026-09-29T15:37:53.742489+05:30,NIFTY,29-Sep-2026,23650.0,CE,22716.2,,0,0.05,15015,0.05,,34428,-17918,307355,-98.33333333333333,25.12,,,,,,,,,,,,,,,0.0,,,,,,13.35,65,22732.45,22753.25,22569.65,22780.25,ltp,no_price_available
2026-09-29T10:07:53.742489+00:00,2026-09-29T15:37:53.742489+05:30,NIFTY,29-Sep-2026,23650.0,PE,22716.2,933.25,65,937.25,195,937.25,935.25,1528,-332,1408,11.365256653992395,47.97,,,,,,,,,,,,,,,0.0,,,,,,13.35,65,22732.45,22753.25,22569.65,22780.25,mid_price,no_price_available
2026-09-29T10:07:53.742489+00:00,2026-09-29T15:37:53.742489+05:30,NIFTY,29-Sep-2026,23700.0,CE,22716.2,0.05,3644550,0.1,1221350,0.05,0.07500000000000001,65421,-78718,693470,-98.24561403508773,26.33,,,,,,,,,,,,,,,0.0,,,,,,13.35,65,22732.45,22753.25,22569.65,22780.25,mid_price,no_price_available
2026-09-29T10:07:53.742489+00:00,2026-09-29T15:37:53.742489+05:30,NIFTY,29-Sep-2026,23700.0,PE,22716.2,983,65,987.75,65,987.75,985.375,3644,-2721,4591,10.86480722823952,49.15,,,,,,,,,,,,,,,0.0,,,,,,13.35,65,22732.45,22753.25,22569.65,22780.25,mid_price,no_price_available
2026-09-29T10:07:53.742489+00:00,2026-09-29T15:37:53.742489+05:30,NIFTY,29-Sep-2026,23750.0,CE,22716.2,0.05,1120600,0.1,762190,0.05,0.07500000000000001,27290,-15412,351228,-98.11320754716981,27.53,,,,,,,,,,,,,,,0.0,,,,,,13.35,65,22732.45,22753.25,22569.65,22780.25,mid_price,no_price_available
2026-09-29T10:07:53.742489+00:00,2026-09-29T15:37:53.742489+05:30,NIFTY,29-Sep-2026,23750.0,PE,22716.2,1033.2,65,1051.35,65,1040.35,1042.275,1762,-797,2945,10.704974727321096,59.07,,,,,,,,,,,,,,,0.0,,,,,,13.35,65,22732.45,22753.25,22569.65,22780.25,mid_price,no_price_available
2026-09-29T10:07:53.742489+00:00,2026-09-29T15:37:53.742489+05:30,NIFTY,29-Sep-2026,23800.0,CE,22716.2,,0,0.05,415350,0.05,,60984,-70445,661321,-97.87234042553192,28.73,,,,,,,,,,,,,,,0.0,,,,,,13.35,65,22732.45,22753.25,22569.65,22780.25,ltp,no_price_available
2026-09-29T10:07:53.742489+00:00,2026-09-29T15:37:53.742489+05:30,NIFTY,29-Sep-2026,23800.0,PE,22716.2,1086,130,1088.1,130,1088.1,1087.05,4752,-3613,5374,10.053605744917569,52.32,,,,,,,,,,,,,,,0.0,,,,,,13.35,65,22732.45,22753.25,22569.65,22780.25,mid_price,no_price_available
2026-09-29T10:07:53.742489+00:00,2026-09-29T15:37:53.742489+05:30,NIFTY,29-Sep-2026,23850.0,CE,22716.2,0.05,71370,0.1,288860,0.05,0.07500000000000001,11373,-20098,161827,-97.72727272727273,29.92,,,,,,,,,,,,,,,0.0,,,,,,13.35,65,22732.45,22753.25,22569.65,22780.25,mid_price,no_price_available
2026-09-29T10:07:53.742489+00:00,2026-09-29T15:37:53.742489+05:30,NIFTY,29-Sep-2026,23850.0,PE,22716.2,1132.25,3510,1141.25,65,1141.15,1136.75,1062,-134,466,9.51010028309582,68.28,,,,,,,,,,,,,,,0.0,,,,,,13.35,65,22732.45,22753.25,22569.65,22780.25,mid_price,no_price_available
2026-09-29T10:07:53.742489+00:00,2026-09-29T15:37:53.742489+05:30,NIFTY,29-Sep-2026,23900.0,CE,22716.2,0.05,358930,0.1,820170,0.1,0.07500000000000001,28663,-29534,251879,-95.1219512195122,29.46,,,,,,,,,,,,,,,0.0,,,,,,13.35,65,22732.45,22753.25,22569.65,22780.25,mid_price,no_price_available
2026-09-29T10:07:53.742489+00:00,2026-09-29T15:37:53.742489+05:30,NIFTY,29-Sep-2026,23900.0,PE,22716.2,1187,2665,1187.95,195,1187.9,1187.475,3653,-1751,2849,9.16693470569315,74.86,,,,,,,,,,,,,,,0.0,,,,,,13.35,65,22732.45,22753.25,22569.65,22780.25,mid_price,no_price_available
2026-09-29T10:07:53.742489+00:00,2026-09-29T15:37:53.742489+05:30,NIFTY,29-Sep-2026,23950.0,CE,22716.2,0.05,94315,0.1,187265,0.05,0.07500000000000001,11742,-9766,124798,-97.43589743589743,32.28,,,,,,,,,,,,,,,0.0,,,,,,13.35,65,22732.45,22753.25,22569.65,22780.25,mid_price,no_price_available
2026-09-29T10:07:53.742489+00:00,2026-09-29T15:37:53.742489+05:30,NIFTY,29-Sep-2026,23950.0,PE,22716.2,1231.3,5395,1242.3,130,1242.45,1236.8,1203,-347,831,9.116058490317481,65.81,,,,,,,,,,,,,,,0.0,,,,,,13.35,65,22732.45,22753.25,22569.65,22780.25,mid_price,no_price_available
2026-09-29T10:07:53.742489+00:00,2026-09-29T15:37:53.742489+05:30,NIFTY,29-Sep-2026,24000.0,CE,22716.2,,0,0.05,157495,0.05,,154884,-118639,773308,-97.29729729729729,31.71,,,,,,,,,,,,,,,0.0,,,,,,13.35,65,22732.45,22753.25,22569.65,22780.25,ltp,no_price_available
2026-09-29T10:07:53.742489+00:00,2026-09-29T15:37:53.742489+05:30,NIFTY,29-Sep-2026,24000.0,PE,22716.2,1287,390,1287.95,260,1287,1287.475,16378.76923076923,-12818.846153846154,19363,8.40633423180593,57.69,,,,,,,,,,,,,,,0.0,,,,,,13.35,65,22732.45,22753.25,22569.65,22780.25,mid_price,no_price_available
2026-09-29T10:07:53.742489+00:00,2026-09-29T15:37:53.742489+05:30,NIFTY,29-Sep-2026,24050.0,CE,22716.2,,0,0.05,109785,0.05,,15891,-17688,118820,-97.05882352941177,32.82,,,,,,,,,,,,,,,0.0,,,,,,13.35,65,22732.45,22753.25,22569.65,22780.25,ltp,no_price_available
2026-09-29T10:07:53.742489+00:00,2026-09-29T15:37:53.742489+05:30,NIFTY,29-Sep-2026,24050.0,PE,22716.2,1333.5,65,1341.55,65,1343.35,1337.525,970,-114,230,8.365264389142096,70.28,,,,,,,,,,,,,,,0.0,,,,,,13.35,65,22732.45,22753.25,22569.65,22780.25,mid_price,no_price_available
2026-09-29T10:07:53.742489+00:00,2026-09-29T15:37:53.742489+05:30,NIFTY,29-Sep-2026,24100.0,CE,22716.2,,0,0.05,463645,0.05,,35861,-28133,324011,-96.66666666666667,33.93,,,,,,,,,,,,,,,0.0,,,,,,13.35,65,22732.45,22753.25,22569.65,22780.25,ltp,no_price_available
2026-09-29T10:07:53.742489+00:00,2026-09-29T15:37:53.742489+05:30,NIFTY,29-Sep-2026,24100.0,PE,22716.2,1387,1560,1391.3,65,1388,1389.15,3484,-775,1852,7.501064942105875,69.38,,,,,,,,,,,,,,,0.0,,,,,,13.35,65,22732.45,22753.25,22569.65,22780.25,mid_price,no_price_available
2026-09-29T10:07:53.742489+00:00,2026-09-29T15:37:53.742489+05:30,NIFTY,29-Sep-2026,24150.0,CE,22716.2,0.05,63310,0.1,17485,0.05,0.07500000000000001,10382,-3862,38572,-96.55172413793103,35.03,,,,,,,,,,,,,,,0.0,,,,,,13.35,65,22732.45,22753.25,22569.65,22780.25,mid_price,no_price_available
2026-09-29T10:07:53.742489+00:00,2026-09-29T15:37:53.742489+05:30,NIFTY,29-Sep-2026,24150.0,PE,22716.2,1434.05,65,1434.75,65,1434.75,1434.4,842,-691,1022,6.736348757625353,74.25,,,,,,,,,,,,,,,0.0,,,,,,13.35,65,22732.45,22753.25,22569.65,22780.25,mid_price,no_price_available
2026-09-29T10:07:53.742489+00:00,2026-09-29T15:37:53.742489+05:30,NIFTY,29-Sep-2026,24200.0,CE,22716.2,0.05,52000,0.1,223860,0.05,0.07500000000000001,50891,-39305,218843,-96.29629629629629,36.13,,,,,,,,,,,,,,,0.0,,,,,,13.35,65,22732.45,22753.25,22569.65,22780.25,mid_price,no_price_available
2026-09-29T10:07:53.742489+00:00,2026-09-29T15:37:53.742489+05:30,NIFTY,29-Sep-2026,24200.0,PE,22716.2,1487,585,1491.45,65,1491.45,1489.225,11647,-740,4046,7.22527768791114,65.94,,,,,,,,,,,,,,,0.0,,,,,,13.35,65,22732.45,22753.25,22569.65,22780.25,mid_price,no_price_available
2026-09-29T10:07:53.742489+00:00,2026-09-29T15:37:53.742489+05:30,NIFTY,29-Sep-2026,24250.0,CE,22716.2,,0,0.05,5655,0.05,,9214,-12795,94043,-95.65217391304348,39.23,,,,,,,,,,,,,,,0.0,,,,,,13.35,65,22732.45,22753.25,22569.65,22780.25,ltp,no_price_available
2026-09-29T10:07:53.742489+00:00,2026-09-29T15:37:53.742489+05:30,NIFTY,29-Sep-2026,24250.0,PE,22716.2,1533,65,1553.85,260,1545.15,1543.425,2052,-62,747,7.123544093178037,67.21,,,,,,,,,,,,,,,0.0,,,,,,13.35,65,22732.45,22753.25,22569.65,22780.25,mid_price,no_price_available
2026-09-29T10:07:53.742489+00:00,2026-09-29T15:37:53.742489+05:30,NIFTY,29-Sep-2026,24300.0,CE,22716.2,,0,0.05,730080,0.05,,60245,-23612,320671,-95.23809523809524,38.31,,,,,,,,,,,,,,,0.0,,,,,,13.35,65,22732.45,22753.25,22569.65,22780.25,ltp,no_price_available
2026-09-29T10:07:53.742489+00:00,2026-09-29T15:37:53.742489+05:30,NIFTY,29-Sep-2026,24300.0,PE,22716.2,1585,65,1591.7,130,1588,1588.35,23722,-1005,5177,6.817341001580735,75.52,,,,,,,,,,,,,,,0.0,,,,,,13.35,65,22732.45,22753.25,22569.65,22780.25,mid_price,no_price_available
2026-09-29T10:07:53.742489+00:00,2026-09-29T15:37:53.742489+05:30,NIFTY,29-Sep-2026,24350.0,CE,22716.2,,0,0.05,113555,0.05,,10987,-8482,96390,-95.65217391304348,39.4,,,,,,,,,,,,,,,0.0,,,,,,13.35,65,22732.45,22753.25,22569.65,22780.25,ltp,no_price_available
2026-09-29T10:07:53.742489+00:00,2026-09-29T15:37:53.742489+05:30,NIFTY,29-Sep-2026,24350.0,PE,22716.2,1634,455,1635,390,1642,1634.5,4155,-171,412,6.796747967479675,75.37,,,,,,,,,,,,,,,0.0,,,,,,13.35,65,22732.45,22753.25,22569.65,22780.25,mid_price,no_price_available
2026-09-29T10:07:53.742489+00:00,2026-09-29T15:37:53.742489+05:30,NIFTY,29-Sep-2026,24400.0,CE,22716.2,,0,0.05,13585,0.05,,24053,-15712,92058,-95.45454545454545,40.48,,,,,,,,,,,,,,,0.0,,,,,,13.35,65,22732.45,22753.25,22569.65,22780.25,ltp,no_price_available
2026-09-29T10:07:53.742489+00:00,2026-09-29T15:37:53.742489+05:30,NIFTY,29-Sep-2026,24400.0,PE,22716.2,1686.2,65,1695.45,65,1696.6,1690.825,14962,-75,4415,6.909480449919657,85.84,,,,,,,,,,,,,,,0.0,,,,,,13.35,65,22732.45,22753.25,22569.65,22780.25,mid_price,no_price_available
2026-09-29T10:07:53.742489+00:00,2026-09-29T15:37:53.742489+05:30,NIFTY,29-Sep-2026,24450.0,CE,22716.2,,0,0.05,1950,0.05,,2731,-2735,16291,-95,41.55,,,,,,,,,,,,,,,0.0,,,,,,13.35,65,22732.45,22753.25,22569.65,22780.25,ltp,no_price_available
2026-09-29T10:07:53.742489+00:00,2026-09-29T15:37:53.742489+05:30,NIFTY,29-Sep-2026,24450.0,PE,22716.2,1732.5,325,1785.5,1690,1783.5,1759.0,942,-85,158,8.766580271382832,125.08,,,,,,,,,,,,,,,0.0,,,,,,13.35,65,22732.45,22753.25,22569.65,22780.25,mid_price,no_price_available
2026-09-29T10:07:53.742489+00:00,2026-09-29T15:37:53.742489+05:30,NIFTY,29-Sep-2026,24500.0,CE,22716.2,,0,0.05,331045,0.05,,55540,-43527,297370,-94.44444444444444,42.63,,,,,,,,,,,,,,,0.0,,,,,,13.35,65,22732.45,22753.25,22569.65,22780.25,ltp,no_price_available
2026-09-29T10:07:53.742489+00:00,2026-09-29T15:37:53.742489+05:30,NIFTY,29-Sep-2026,24500.0,PE,22716.2,1788,780,1789.05,65,1788,1788.525,14050,755,13090,5.845789551576143,83.86,,,,,,,,,,,,,,,0.0,,,,,,13.35,65,22732.45,22753.25,22569.65,22780.25,mid_price,no_price_available
2026-09-29T10:07:53.742489+00:00,2026-09-29T15:37:53.742489+05:30,NIFTY,29-Sep-2026,24550.0,CE,22716.2,,0,0.1,39000,0.1,,5355,-11072,60328,-88.23529411764706,45.99,,,,,,,,,,,,,,,0.0,,,,,,13.35,65,22732.45,22753.25,22569.65,22780.25,ltp,no_price_available
2026-09-29T10:07:53.742489+00:00,2026-09-29T15:37:53.742489+05:30,NIFTY,29-Sep-2026,24550.0,PE,22716.2,1833.8,3445,1854,130,1834,1843.9,512,-77,134,5.254096243794657,96.77,,,,,,,,,,,,,,,0.0,,,,,,13.35,65,22732.45,22753.25,22569.65,22780.25,mid_price,no_price_available
2026-09-29T10:07:53.742489+00:00,2026-09-29T15:37:53.742489+05:30,NIFTY,29-Sep-2026,24600.0,CE,22716.2,,0,0.05,1300,0.1,,12076,-21801,108259,-88.88888888888889,47.1,,,,,,,,,,,,,,,0.0,,,,,,13.35,65,22732.45,22753.25,22569.65,22780.25,ltp,no_price_available
2026-09-29T10:07:53.742489+00:00,2026-09-29T15:37:53.742489+05:30,NIFTY,29-Sep-2026,24600.0,PE,22716.2,1888.05,65,1893.65,130,1890,1890.85,6696,-119,1515,5.404048853940104,85.77,,,,,,,,,,,,,,,0.0,,,,,,13.35,65,22732.45,22753.25,22569.65,22780.25,mid_price,no_price_available
2026-09-29T10:07:53.742489+00:00,2026-09-29T15:37:53.742489+05:30,NIFTY,29-Sep-2026,24650.0,CE,22716.2,,0,0.05,1820,0.05,,3274,-4083,21441,-94.11764705882354,45.82,,,,,,,,,,,,,,,0.0,,,,,,13.35,65,22732.45,22753.25,22569.65,22780.25,ltp,no_price_available
2026-09-29T10:07:53.742489+00:00,2026-09-29T15:37:53.742489+05:30,NIFTY,29-Sep-2026,24650.0,PE,22716.2,1924.55,3575,2001.3,780,1937.15,1962.925,386,-107,141,4.912128679357687,121.57,,,,,,,,,,,,,,,0.0,,,,,,13.35,65,22732.45,22753.25,22569.65,22780.25,mid_price,no_price_available
2026-09-29T10:07:53.742489+00:00,2026-09-29T15:37:53.742489+05:30,NIFTY,29-Sep-2026,24700.0,CE,22716.2,,0,0.05,146575,0.05,,20361,-7238,58235,-93.75,46.87,,,,,,,,,,,,,,,0.0,,,,,,13.35,65,22732.45,22753.25,22569.65,22780.25,ltp,no_price_available
2026-09-29T10:07:53.742489+00:00,2026-09-29T15:37:53.742489+05:30,NIFTY,29-Sep-2026,24700.0,PE,22716.2,1985.05,195,2001.65,65,2001.7,1993.35,1489,-324,887,5.725452912903396,103.5,,,,,,,,,,,,,,,0.0,,,,,,13.35,65,22732.45,22753.25,22569.65,22780.25,mid_price,no_price_available
2026-09-29T10:07:53.742489+00:00,2026-09-29T15:37:53.742489+05:30,NIFTY,29-Sep-2026,24750.0,CE,22716.2,,0,0.05,780,0.05,,2861,141,11902,-94.44444444444444,47.92,,,,,,,,,,,,,,,0.0,,,,,,13.35,65,22732.45,22753.25,22569.65,22780.25,ltp,no_price_available
2026-09-29T10:07:53.742489+00:00,2026-09-29T15:37:53.742489+05:30,NIFTY,29-Sep-2026,24750.0,PE,22716.2,2036.6,65,2364.45,780,2041,2200.5249999999996,329,-48,53,5.154692289858059,134.21,,,,,,,,,,,,,,,0.0,,,,,,13.35,65,22732.45,22753.25,22569.65,22780.25,mid_price,no_price_available
2026-09-29T10:07:53.742489+00:00,2026-09-29T15:37:53.742489+05:30,NIFTY,29-Sep-2026,24800.0,CE,22716.2,,0,0.05,20410,0.05,,7868,-10252,40279,-94.11764705882354,48.97,,,,,,,,,,,,,,,0.0,,,,,,13.35,65,22732.45,22753.25,22569.65,22780.25,ltp,no_price_available
2026-09-29T10:07:53.742489+00:00,2026-09-29T15:37:53.742489+05:30,NIFTY,29-Sep-2026,24800.0,PE,22716.2,2083.85,195,2093.55,65,2093.85,2088.7,2140,-363,962,5.025957414791964,110.58,,,,,,,,,,,,,,,0.0,,,,,,13.35,65,22732.45,22753.25,22569.65,22780.25,mid_price,no_price_available
2026-09-29T10:07:53.742489+00:00,2026-09-29T15:37:53.742489+05:30,NIFTY,29-Sep-2026,24850.0,CE,22716.2,,0,0.05,24050,0.05,,2909,1041,11715,-93.33333333333333,50.02,,,,,,,,,,,,,,,0.0,,,,,,13.35,65,22732.45,22753.25,22569.65,22780.25,ltp,no_price_available
2026-09-29T10:07:53.742489+00:00,2026-09-29T15:37:53.742489+05:30,NIFTY,29-Sep-2026,24850.0,PE,22716.2,2127.1,780,2247.95,1690,2170.85,2187.5249999999996,122,-32,362,6.5421707442762145,0,,,,,,,,,,,,,,,0.0,,,,,,13.35,65,22732.45,22753.25,22569.65,22780.25,mid_price,no_price_available
2026-09-29T10:07:53.742489+00:00,2026-09-29T15:37:53.742489+05:30,NIFTY,29-Sep-2026,24900.0,CE,22716.2,,0,0.05,1040,0.05,,4783,-2200,17885,-93.33333333333333,51.06,,,,,,,,,,,,,,,0.0,,,,,,13.35,65,22732.45,22753.25,22569.65,22780.25,ltp,no_price_available
2026-09-29T10:07:53.742489+00:00,2026-09-29T15:37:53.742489+05:30,NIFTY,29-Sep-2026,24900.0,PE,22716.2,2161.35,4290,2204.7,130,2200,2183.0249999999996,766,-49,100,5.4422583814613334,102.52,,,,,,,,,,,,,,,0.0,,,,,,13.35,65,22732.45,22753.25,22569.65,22780.25,mid_price,no_price_available
2026-09-29T10:07:53.742489+00:00,2026-09-29T15:37:53.742489+05:30,NIFTY,29-Sep-2026,24950.0,CE,22716.2,,0,0.05,28275,0.05,,2050,-218,13024,-92.85714285714286,52.09,,,,,,,,,,,,,,,0.0,,,,,,13.35,65,22732.45,22753.25,22569.65,22780.25,ltp,no_price_available
2026-09-29T10:07:53.742489+00:00,2026-09-29T15:37:53.742489+05:30,NIFTY,29-Sep-2026,24950.0,PE,22716.2,2171.05,2535,2360.95,1690,2302.8,2266.0,60,-6,10,8.622641509433961,136.45,,,,,,,,,,,,,,,0.0,,,,,,13.35,65,22732.45,22753.25,22569.65,22780.25,mid_price,no_price_available
2026-09-29T10:07:53.742489+00:00,2026-09-29T15:37:53.742489+05:30,NIFTY,29-Sep-2026,25000.0,CE,22716.2,,0,0.05,303225,0.05,,55123,-24507,166940,-90.9090909090909,53.13,,,,,,,,,,,,,,,0.0,,,,,,13.35,65,22732.45,22753.25,22569.65,22780.25,ltp,no_price_available
2026-09-29T10:07:53.742489+00:00,2026-09-29T15:37:53.742489+05:30,NIFTY,29-Sep-2026,25000.0,PE,22716.2,2288.05,65,2290.05,130,2290.1,2289.05,9579.307692307691,-595.8461538461538,8488,4.625716700550518,97.02,,,,,,,,,,,,,,,0.0,,,,,,13.35,65,22732.45,22753.25,22569.65,22780.25,mid_price,no_price_available
2026-09-29T10:07:53.742489+00:00,2026-09-29T15:37:53.742489+05:30,NIFTY,29-Sep-2026,25050.0,CE,22716.2,,0,0.1,1105,0.1,,674,-528,3006,-84.61538461538461,54.16,,,,,,,,,,,,,,,0.0,,,,,,13.35,65,22732.45,22753.25,22569.65,22780.25,ltp,no_price_available
2026-09-29T10:07:53.742489+00:00,2026-09-29T15:37:53.742489+05:30,NIFTY,29-Sep-2026,25050.0,PE,22716.2,2339,65,2571.35,780,2378.55,2455.175,39,-10,13,6.261168691922802,112.11,,,,,,,,,,,,,,,0.0,,,,,,13.35,65,22732.45,22753.25,22569.65,22780.25,mid_price,no_price_available
2026-09-29T10:07:53.742489+00:00,2026-09-29T15:37:53.742489+05:30,NIFTY,29-Sep-2026,25100.0,CE,22716.2,,0,0.05,10010,0.05,,5126,-2015,23889,-91.66666666666667,55.18,,,,,,,,,,,,,,,0.0,,,,,,13.35,65,22732.45,22753.25,22569.65,22780.25,ltp,no_price_available
2026-09-29T10:07:53.742489+00:00,2026-09-29T15:37:53.742489+05:30,NIFTY,29-Sep-2026,25100.0,PE,22716.2,2380,3510,2395.65,195,2390,2387.825,690,-184,765,4.2802914612330385,117.79,,,,,,,,,,,,,,,0.0,,,,,,13.35,65,22732.45,22753.25,22569.65,22780.25,mid_price,no_price_available
2026-09-29T10:07:53.742489+00:00,2026-09-29T15:37:53.742489+05:30,NIFTY,29-Sep-2026,25150.0,CE,22716.2,,0,0.05,8645,0.05,,1343,202,4129,-92.3076923076923,56.21,,,,,,,,,,,,,,,0.0,,,,,,13.35,65,22732.45,22753.25,22569.65,22780.25,ltp,no_price_available
2026-09-29T10:07:53.742489+00:00,2026-09-29T15:37:53.742489+05:30,NIFTY,29-Sep-2026,25150.0,PE,22716.2,2363.75,2535,2587.15,780,2468,2475.45,19,-5,10,7.106433763697516,125.26,,,,,,,,,,,,,,,0.0,,,,,,13.35,65,22732.45,22753.25,22569.65,22780.25,mid_price,no_price_available
2026-09-29T10:07:53.742489+00:00,2026-09-29T15:37:53.742489+05:30,NIFTY,29-Sep-2026,25200.0,CE,22716.2,,0,0.05,105950,0.05,,5290,-1451,27046,-88.88888888888889,57.23,,,,,,,,,,,,,,,0.0,,,,,,13.35,65,22732.45,22753.25,22569.65,22780.25,ltp,no_price_available
2026-09-29T10:07:53.742489+00:00,2026-09-29T15:37:53.742489+05:30,NIFTY,29-Sep-2026,25200.0,PE,22716.2,2483.35,130,2542.6,845,2480,2512.975,674,-85,430,3.761348897535668,128.48,,,,,,,,,,,,,,,0.0,,,,,,13.35,65,22732.45,22753.25,22569.65,22780.25,mid_price,no_price_available
2026-09-29T10:07:53.742489+00:00,2026-09-29T15:37:53.742489+05:30,NIFTY,29-Sep-2026,25250.0,CE,22716.2,,0,0.05,62790,0.05,,2824,1911,23666,-91.66666666666667,58.24,,,,,,,,,,,,,,,0.0,,,,,,13.35,65,22732.45,22753.25,22569.65,22780.25,ltp,no_price_available
2026-09-29T10:07:53.742489+00:00,2026-09-29T15:37:53.742489+05:30,NIFTY,29-Sep-2026,25250.0,PE,22716.2,2461.2,2535,2789.8,780,2614.55,2625.5,14,-1,1,10.086315789473684,154.66,,,,,,,,,,,,,,,0.0,,,,,,13.35,65,22732.45,22753.25,22569.65,22780.25,mid_price,no_price_available
2026-09-29T10:07:53.742489+00:00,2026-09-29T15:37:53.742489+05:30,NIFTY,29-Sep-2026,25300.0,CE,22716.2,,0,0.1,9750,0.05,,3015,-1401,12939,-91.66666666666667,59.26,,,,,,,,,,,,,,,0.0,,,,,,13.35,65,22732.45,22753.25,22569.65,22780.25,ltp,no_price_available
2026-09-29T10:07:53.742489+00:00,2026-09-29T15:37:53.742489+05:30,NIFTY,29-Sep-2026,25300.0,PE,22716.2,2585.4,65,2606.6,65,2585.7,2596.0,273,-38,192,3.8433734939759034,155.81,,,,,,,,,,,,,,,0.0,,,,,,13.35,65,22732.45,22753.25,22569.65,22780.25,mid_price,no_price_available
2026-09-29T10:07:53.742489+00:00,2026-09-29T15:37:53.742489+05:30,NIFTY,29-Sep-2026,25350.0,CE,22716.2,,0,0.1,195,0.1,,452,79,2015,-81.81818181818181,63.3,,,,,,,,,,,,,,,0.0,,,,,,13.35,65,22732.45,22753.25,22569.65,22780.25,ltp,no_price_available
2026-09-29T10:07:53.742489+00:00,2026-09-29T15:37:53.742489+05:30,NIFTY,29-Sep-2026,25350.0,PE,22716.2,2009.2,4290,2736.9,780,2665,2373.05,7,0,3,5.086750788643533,130.68,,,,,,,,,,,,,,,0.0,,,,,,13.35,65,22732.45,22753.25,22569.65,22780.25,mid_price,no_price_available
2026-09-29T10:07:53.742489+00:00,2026-09-29T15:37:53.742489+05:30,NIFTY,29-Sep-2026,25400.0,CE,22716.2,,0,0.05,1365,0.05,,2707,272,10574,-91.66666666666667,61.27,,,,,,,,,,,,,,,0.0,,,,,,13.35,65,22732.45,22753.25,22569.65,22780.25,ltp,no_price_available
2026-09-29T10:07:53.742489+00:00,2026-09-29T15:37:53.742489+05:30,NIFTY,29-Sep-2026,25400.0,PE,22716.2,2680.4,3510,2685.4,65,2685.4,2682.9,251,-19,194,3.4656803251844575,161.37,,,,,,,,,,,,,,,0.0,,,,,,13.35,65,22732.45,22753.25,22569.65,22780.25,mid_price,no_price_available
2026-09-29T10:07:53.742489+00:00,2026-09-29T15:37:53.742489+05:30,NIFTY,29-Sep-2026,25450.0,CE,22716.2,,0,0.05,1950,0.05,,591,-2,1066,-91.66666666666667,65.4,,,,,,,,,,,,,,,0.0,,,,,,13.35,65,22732.45,22753.25,22569.65,22780.25,ltp,no_price_available
2026-09-29T10:07:53.742489+00:00,2026-09-29T15:37:53.742489+05:30,NIFTY,29-Sep-2026,25450.0,PE,22716.2,2486.35,2535,2918.5,780,0.0,2702.425,9,0,0,0,0,,,,,,,,,,,,,,,0.0,,,,,,13.35,65,22732.45,22753.25,22569.65,22780.25,mid_price,no_price_available
2026-09-29T10:07:53.742489+00:00,2026-09-29T15:37:53.742489+05:30,NIFTY,29-Sep-2026,25500.0,CE,22716.2,,0,0.05,8190,0.05,,22756,-8635,51704,-92.3076923076923,63.28,,,,,,,,,,,,,,,0.0,,,,,,13.35,65,22732.45,22753.25,22569.65,22780.25,ltp,no_price_available
2026-09-29T10:07:53.742489+00:00,2026-09-29T15:37:53.742489+05:30,NIFTY,29-Sep-2026,25500.0,PE,22716.2,2790,65,2791.95,65,2791.85,2790.975,5283,-493,2911,3.6860283740622446,123.58,,,,,,,,,,,,,,,0.0,,,,,,13.35,65,22732.45,22753.25,22569.65,22780.25,mid_price,no_price_available
2026-09-29T10:07:53.742489+00:00,2026-09-29T15:37:53.742489+05:30,NIFTY,29-Sep-2026,25550.0,CE,22716.2,,0,0.1,68445,0.1,,1822,-285,6846,-83.33333333333333,67.48,,,,,,,,,,,,,,,0.0,,,,,,13.35,65,22732.45,22753.25,22569.65,22780.25,ltp,no_price_available
2026-09-29T10:07:53.742489+00:00,2026-09-29T15:37:53.742489+05:30,NIFTY,29-Sep-2026,25550.0,PE,22716.2,2762.7,2860,3116.95,780,2847,2939.825,2,0,1,6.629213483146067,122.21,,,,,,,,,,,,,,,0.0,,,,,,13.35,65,22732.45,22753.25,22569.65,22780.25,mid_price,no_price_available
2026-09-29T10:07:53.742489+00:00,2026-09-29T15:37:53.742489+05:30,NIFTY,29-Sep-2026,25600.0,CE,22716.2,,0,0.05,845,0.05,,1570,-165,7546,-91.66666666666667,65.27,,,,,,,,,,,,,,,0.0,,,,,,13.35,65,22732.45,22753.25,22569.65,22780.25,ltp,no_price_available
2026-09-29T10:07:53.742489+00:00,2026-09-29T15:37:53.742489+05:30,NIFTY,29-Sep-2026,25600.0,PE,22716.2,2878.55,3510,2897.05,325,2962.2,2887.8,438,0,49,6.234870084458551,167.94,,,,,,,,,,,,,,,0.0,,,,,,13.35,65,22732.45,22753.25,22569.65,22780.25,mid_price,no_price_available
2026-09-29T10:07:53.742489+00:00,2026-09-29T15:37:53.742489+05:30,NIFTY,29-Sep-2026,25650.0,CE,22716.2,,0,0.05,1885,0.1,,847,-66,2036,-83.33333333333333,69.55,,,,,,,,,,,,,,,0.0,,,,,,13.35,65,22732.45,22753.25,22569.65,22780.25,ltp,no_price_available
2026-09-29T10:07:53.742489+00:00,2026-09-29T15:37:53.742489+05:30,NIFTY,29-Sep-2026,25650.0,PE,22716.2,2569.4,780,3089.05,780,0.0,2829.2250000000004,8,0,0,0,0,,,,,,,,,,,,,,,0.0,,,,,,13.35,65,22732.45,22753.25,22569.65,22780.25,mid_price,no_price_available
2026-09-29T10:07:53.742489+00:00,2026-09-29T15:37:53.742489+05:30,NIFTY,29-Sep-2026,25700.0,CE,22716.2,,0,0.05,12870,0.05,,2732,-464,10467,-90,67.25,,,,,,,,,,,,,,,0.0,,,,,,13.35,65,22732.45,22753.25,22569.65,22780.25,ltp,no_price_available
2026-09-29T10:07:53.742489+00:00,2026-09-29T15:37:53.742489+05:30,NIFTY,29-Sep-2026,25700.0,PE,22716.2,2986,65,3149.25,1690,2995,3067.625,63,-23,56,3.1620281069165057,124.93,,,,,,,,,,,,,,,0.0,,,,,,13.35,65,22732.45,22753.25,22569.65,22780.25,mid_price,no_price_available
2026-09-29T10:07:53.742489+00:00,2026-09-29T15:37:53.742489+05:30,NIFTY,29-Sep-2026,25750.0,CE,22716.2,,0,0.2,1300,0.1,,207,-160,1147,-75,73.8,,,,,,,,,,,,,,,0.0,,,,,,13.35,65,22732.45,22753.25,22569.65,22780.25,ltp,no_price_available
2026-09-29T10:07:53.742489+00:00,2026-09-29T15:37:53.742489+05:30,NIFTY,29-Sep-2026,25750.0,PE,22716.2,2919.2,780,3145.75,780,0.0,3032.475,4,0,0,0,0,,,,,,,,,,,,,,,0.0,,,,,,13.35,65,22732.45,22753.25,22569.65,22780.25,mid_price,no_price_available
2026-09-29T10:07:53.742489+00:00,2026-09-29T15:37:53.742489+05:30,NIFTY,29-Sep-2026,25800.0,CE,22716.2,,0,0.1,10205,0.05,,1812,-886,6819,-87.5,72.63,,,,,,,,,,,,,,,0.0,,,,,,13.35,65,22732.45,22753.25,22569.65,22780.25,ltp,no_price_available
2026-09-29T10:07:53.742489+00:00,2026-09-29T15:37:53.742489+05:30,NIFTY,29-Sep-2026,25800.0,PE,22716.2,2981.2,780,3195.5,780,3140,3088.35,178,-2,89,4.94827787897525,163.73,,,,,,,,,,,,,,,0.0,,,,,,13.35,65,22732.45,22753.25,22569.65,22780.25,mid_price,no_price_available
2026-09-29T10:07:53.742489+00:00,2026-09-29T15:37:53.742489+05:30,NIFTY,29-Sep-2026,25850.0,CE,22716.2,,0,0.15,845,0.05,,326,-42,1280,-88.88888888888889,70.2,,,,,,,,,,,,,,,0.0,,,,,,13.35,65,22732.45,22753.25,22569.65,22780.25,ltp,no_price_available
2026-09-29T10:07:53.742489+00:00,2026-09-29T15:37:53.742489+05:30,NIFTY,29-Sep-2026,25850.0,PE,22716.2,2745.75,780,3445.25,780,0.0,3095.5,13,0,0,0,129.42,,,,,,,,,,,,,,,0.0,,,,,,13.35,65,22732.45,22753.25,22569.65,22780.25,mid_price,no_price_available
2026-09-29T10:07:53.742489+00:00,2026-09-29T15:37:53.742489+05:30,NIFTY,29-Sep-2026,25900.0,CE,22716.2,,0,0.1,25220,0.1,,3121,-18,14216,-71.42857142857143,74.67,,,,,,,,,,,,,,,0.0,,,,,,13.35,65,22732.45,22753.25,22569.65,22780.25,ltp,no_price_available
2026-09-29T10:07:53.742489+00:00,2026-09-29T15:37:53.742489+05:30,NIFTY,29-Sep-2026,25900.0,PE,22716.2,3121,780,3324.7,780,3200,3222.85,7,-3,9,3.559870550161812,197.85,,,,,,,,,,,,,,,0.0,,,,,,13.35,65,22732.45,22753.25,22569.65,22780.25,mid_price,no_price_available
2026-09-29T10:07:53.742489+00:00,2026-09-29T15:37:53.742489+05:30,NIFTY,29-Sep-2026,25950.0,CE,22716.2,,0,0.15,585,0.05,,270,-97,913,-88.88888888888889,72.15,,,,,,,,,,,,,,,0.0,,,,,,13.35,65,22732.45,22753.25,22569.65,22780.25,ltp,no_price_available
2026-09-29T10:07:53.742489+00:00,2026-09-29T15:37:53.742489+05:30,NIFTY,29-Sep-2026,25950.0,PE,22716.2,2823.5,780,,0,0.0,,1,0,0,0,13.83,,,,,,,,,,,,,,,0.0,,,,,,13.35,65,22732.45,22753.25,22569.65,22780.25,none,no_price_available
2026-09-29T10:07:53.742489+00:00,2026-09-29T15:37:53.742489+05:30,NIFTY,29-Sep-2026,26000.0,CE,22716.2,,0,0.05,24440,0.05,,33857.92307692308,-2626.3076923076924,56104,-90.9090909090909,73.12,,,,,,,,,,,,,,,0.0,,,,,,13.35,65,22732.45,22753.25,22569.65,22780.25,ltp,no_price_available
2026-09-29T10:07:53.742489+00:00,2026-09-29T15:37:53.742489+05:30,NIFTY,29-Sep-2026,26000.0,PE,22716.2,3290,1365,3295.4,65,3294.05,3292.7,10554.384615384615,-1784.1538461538462,5618,3.166350866753316,140.31,,,,,,,,,,,,,,,0.0,,,,,,13.35,65,22732.45,22753.25,22569.65,22780.25,mid_price,no_price_available
2026-09-29T10:07:53.742489+00:00,2026-09-29T15:37:53.742489+05:30,NIFTY,29-Sep-2026,26050.0,CE,22716.2,,0,0.2,1300,0.05,,262,-15,996,-88.88888888888889,74.09,,,,,,,,,,,,,,,0.0,,,,,,13.35,65,22732.45,22753.25,22569.65,22780.25,ltp,no_price_available
2026-09-29T10:07:53.742489+00:00,2026-09-29T15:37:53.742489+05:30,NIFTY,29-Sep-2026,26050.0,PE,22716.2,2910.3,780,3456.15,780,0.0,3183.2250000000004,1,0,0,0,0,,,,,,,,,,,,,,,0.0,,,,,,13.35,65,22732.45,22753.25,22569.65,22780.25,mid_price,no_price_available
2026-09-29T10:07:53.742489+00:00,2026-09-29T15:37:53.742489+05:30,NIFTY,29-Sep-2026,26100.0,CE,22716.2,,0,0.2,80015,0.05,,372,58,1648,-88.88888888888889,75.05,,,,,,,,,,,,,,,0.0,,,,,,13.35,65,22732.45,22753.25,22569.65,22780.25,ltp,no_price_available
2026-09-29T10:07:53.742489+00:00,2026-09-29T15:37:53.742489+05:30,NIFTY,29-Sep-2026,26100.0,PE,22716.2,3261.1,780,3718.05,780,3430,3489.575,16,-6,20,4.198310954492983,168.5,,,,,,,,,,,,,,,0.0,,,,,,13.35,65,22732.45,22753.25,22569.65,22780.25,mid_price,no_price_available
2026-09-29T10:07:53.742489+00:00,2026-09-29T15:37:53.742489+05:30,NIFTY,29-Sep-2026,26150.0,CE,22716.2,,0,0.55,650,0.1,,444,56,1661,-71.42857142857143,79.72,,,,,,,,,,,,,,,0.0,,,,,,13.35,65,22732.45,22753.25,22569.65,22780.25,ltp,no_price_available
2026-09-29T10:07:53.742489+00:00,2026-09-29T15:37:53.742489+05:30,NIFTY,29-Sep-2026,26150.0,PE,22716.2,3009.2,780,3773.4,780,0.0,3391.3,1,0,0,0,0,,,,,,,,,,,,,,,0.0,,,,,,13.35,65,22732.45,22753.25,22569.65,22780.25,mid_price,no_price_available
2026-09-29T10:07:53.742489+00:00,2026-09-29T15:37:53.742489+05:30,NIFTY,29-Sep-2026,26200.0,CE,22716.2,,0,0.05,260,0.1,,1627,-497,6627,-75,80.72,,,,,,,,,,,,,,,0.0,,,,,,13.35,65,22732.45,22753.25,22569.65,22780.25,ltp,no_price_available
2026-09-29T10:07:53.742489+00:00,2026-09-29T15:37:53.742489+05:30,NIFTY,29-Sep-2026,26200.0,PE,22716.2,3460.1,520,3541.3,780,3400,3500.7,436,-22,159,0,213.31,,,,,,,,,,,,,,,0.0,,,,,,13.35,65,22732.45,22753.25,22569.65,22780.25,mid_price,no_price_available
2026-09-29T10:07:53.742489+00:00,2026-09-29T15:37:53.742489+05:30,NIFTY,29-Sep-2026,26250.0,CE,22716.2,0.05,390,0.25,1105,0.05,0.15,339,-38,936,-90,77.93,,,,,,,,,,,,,,,0.0,,,,,,13.35,65,22732.45,22753.25,22569.65,22780.25,mid_price,no_price_available
2026-09-29T10:07:53.742489+00:00,2026-09-29T15:37:53.742489+05:30,NIFTY,29-Sep-2026,26250.0,PE,22716.2,,0,3883.05,780,0.0,,0,0,0,0,0,,,,,,,,,,,,,,,0.0,,,,,,13.35,65,22732.45,22753.25,22569.65,22780.25,none,no_price_available
2026-09-29T10:07:53.742489+00:00,2026-09-29T15:37:53.742489+05:30,NIFTY,29-Sep-2026,26300.0,CE,22716.2,,0,0.15,2145,0.15,,1802,213,4044,-66.66666666666667,85.19,,,,,,,,,,,,,,,0.0,,,,,,13.35,65,22732.45,22753.25,22569.65,22780.25,ltp,no_price_available
2026-09-29T10:07:53.742489+00:00,2026-09-29T15:37:53.742489+05:30,NIFTY,29-Sep-2026,26300.0,PE,22716.2,3595,65,3616.25,65,3600,3605.625,678,-55,211,3.1503846649761464,150.04,,,,,,,,,,,,,,,0.0,,,,,,13.35,65,22732.45,22753.25,22569.65,22780.25,mid_price,no_price_available
2026-09-29T10:07:53.742489+00:00,2026-09-29T15:37:53.742489+05:30,NIFTY,29-Sep-2026,26350.0,CE,22716.2,,0,0.15,1300,0.05,,248,76,753,-87.5,79.84,,,,,,,,,,,,,,,0.0,,,,,,13.35,65,22732.45,22753.25,22569.65,22780.25,ltp,no_price_available
2026-09-29T10:07:53.742489+00:00,2026-09-29T15:37:53.742489+05:30,NIFTY,29-Sep-2026,26350.0,PE,22716.2,,0,3991.8,780,0.0,,0,0,0,0,0,,,,,,,,,,,,,,,0.0,,,,,,13.35,65,22732.45,22753.25,22569.65,22780.25,none,no_price_available
2026-09-29T10:07:53.742489+00:00,2026-09-29T15:37:53.742489+05:30,NIFTY,29-Sep-2026,26400.0,CE,22716.2,,0,0.1,4225,0.05,,1150,738,8694,-85.71428571428571,84.69,,,,,,,,,,,,,,,0.0,,,,,,13.35,65,22732.45,22753.25,22569.65,22780.25,ltp,no_price_available
2026-09-29T10:07:53.742489+00:00,2026-09-29T15:37:53.742489+05:30,NIFTY,29-Sep-2026,26400.0,PE,22716.2,3334.8,780,3830.4,780,3710,3582.6000000000004,13,-28,41,14.421416234887737,163.32,,,,,,,,,,,,,,,0.0,,,,,,13.35,65,22732.45,22753.25,22569.65,22780.25,mid_price,no_price_available
2026-09-29T10:07:53.742489+00:00,2026-09-29T15:37:53.742489+05:30,NIFTY,29-Sep-2026,26450.0,CE,22716.2,,0,0.1,585,0.05,,223,-61,701,-87.5,85.68,,,,,,,,,,,,,,,0.0,,,,,,13.35,65,22732.45,22753.25,22569.65,22780.25,ltp,no_price_available
2026-09-29T10:07:53.742489+00:00,2026-09-29T15:37:53.742489+05:30,NIFTY,29-Sep-2026,26450.0,PE,22716.2,3273.4,780,4100.8,780,0.0,3687.1000000000004,0,0,0,0,0,,,,,,,,,,,,,,,0.0,,,,,,13.35,65,22732.45,22753.25,22569.65,22780.25,mid_price,no_price_available
2026-09-29T10:07:53.742489+00:00,2026-09-29T15:37:53.742489+05:30,NIFTY,29-Sep-2026,26500.0,CE,22716.2,,0,0.1,9815,0.1,,7674,-498,10497,-75,86.67,,,,,,,,,,,,,,,0.0,,,,,,13.35,65,22732.45,22753.25,22569.65,22780.25,ltp,no_price_available
2026-09-29T10:07:53.742489+00:00,2026-09-29T15:37:53.742489+05:30,NIFTY,29-Sep-2026,26500.0,PE,22716.2,3784.1,130,3797.25,65,3797.35,3790.675,5081,-504,1710,2.753274163870549,155.78,,,,,,,,,,,,,,,0.0,,,,,,13.35,65,22732.45,22753.25,22569.65,22780.25,mid_price,no_price_available
2026-09-29T10:07:53.742489+00:00,2026-09-29T15:37:53.742489+05:30,NIFTY,29-Sep-2026,26550.0,CE,22716.2,,0,0.1,18395,0.05,,1016,871,6803,-87.5,83.62,,,,,,,,,,,,,,,0.0,,,,,,13.35,65,22732.45,22753.25,22569.65,22780.25,ltp,no_price_available
2026-09-29T10:07:53.742489+00:00,2026-09-29T15:37:53.742489+05:30,NIFTY,29-Sep-2026,26550.0,PE,22716.2,3361.2,780,4211.5,780,0.0,3786.35,0,0,0,0,0,,,,,,,,,,,,,,,0.0,,,,,,13.35,65,22732.45,22753.25,22569.65,22780.25,mid_price,no_price_available
2026-09-29T10:07:53.742489+00:00,2026-09-29T15:37:53.742489+05:30,NIFTY,29-Sep-2026,26600.0,CE,22716.2,,0,0.15,5200,0.05,,458,12,1699,-87.5,84.56,,,,,,,,,,,,,,,0.0,,,,,,13.35,65,22732.45,22753.25,22569.65,22780.25,ltp,no_price_available
2026-09-29T10:07:53.742489+00:00,2026-09-29T15:37:53.742489+05:30,NIFTY,29-Sep-2026,26600.0,PE,22716.2,3403.3,780,4265,780,0.0,3834.15,0,0,0,0,0,,,,,,,,,,,,,,,0.0,,,,,,13.35,65,22732.45,22753.25,22569.65,22780.25,mid_price,no_price_available
2026-09-29T10:07:53.742489+00:00,2026-09-29T15:37:53.742489+05:30,NIFTY,29-Sep-2026,26650.0,CE,22716.2,,0,0.15,65,0.05,,334,19,1758,-90.9090909090909,85.5,,,,,,,,,,,,,,,0.0,,,,,,13.35,65,22732.45,22753.25,22569.65,22780.25,ltp,no_price_available
2026-09-29T10:07:53.742489+00:00,2026-09-29T15:37:53.742489+05:30,NIFTY,29-Sep-2026,26650.0,PE,22716.2,3447.65,780,4319.75,780,0.0,3883.7,0,0,0,0,0,,,,,,,,,,,,,,,0.0,,,,,,13.35,65,22732.45,22753.25,22569.65,22780.25,mid_price,no_price_available
2026-09-29T10:07:53.742489+00:00,2026-09-29T15:37:53.742489+05:30,NIFTY,29-Sep-2026,26700.0,CE,22716.2,0.05,650,0.1,260,0.15,0.07500000000000001,251,31,661,-57.142857142857146,86.43,,,,,,,,,,,,,,,0.0,,,,,,13.35,65,22732.45,22753.25,22569.65,22780.25,mid_price,no_price_available
2026-09-29T10:07:53.742489+00:00,2026-09-29T15:37:53.742489+05:30,NIFTY,29-Sep-2026,26700.0,PE,22716.2,3492.3,780,4239.9,780,0.0,3866.1,0,0,0,0,0,,,,,,,,,,,,,,,0.0,,,,,,13.35,65,22732.45,22753.25,22569.65,22780.25,mid_price,no_price_available
2026-09-29T10:07:53.742489+00:00,2026-09-29T15:37:53.742489+05:30,NIFTY,29-Sep-2026,26750.0,CE,22716.2,,0,0.15,65,0.15,,176,-90,680,-57.142857142857146,94.25,,,,,,,,,,,,,,,0.0,,,,,,13.35,65,22732.45,22753.25,22569.65,22780.25,ltp,no_price_available
2026-09-29T10:07:53.742489+00:00,2026-09-29T15:37:53.742489+05:30,NIFTY,29-Sep-2026,26750.0,PE,22716.2,3537.25,780,,0,0.0,,1,0,0,0,18.46,,,,,,,,,,,,,,,0.0,,,,,,13.35,65,22732.45,22753.25,22569.65,22780.25,none,no_price_available
2026-09-29T10:07:53.742489+00:00,2026-09-29T15:37:53.742489+05:30,NIFTY,29-Sep-2026,26800.0,CE,22716.2,,0,0.15,845,0.05,,597,406,4308,-88.88888888888889,88.29,,,,,,,,,,,,,,,0.0,,,,,,13.35,65,22732.45,22753.25,22569.65,22780.25,ltp,no_price_available
2026-09-29T10:07:53.742489+00:00,2026-09-29T15:37:53.742489+05:30,NIFTY,29-Sep-2026,26800.0,PE,22716.2,,0,4494.1,1690,0.0,,6,0,0,0,0,,,,,,,,,,,,,,,0.0,,,,,,13.35,65,22732.45,22753.25,22569.65,22780.25,none,no_price_available
2026-09-29T10:07:53.742489+00:00,2026-09-29T15:37:53.742489+05:30,NIFTY,29-Sep-2026,26850.0,CE,22716.2,,0,0.25,585,0.05,,274,128,975,-87.5,89.22,,,,,,,,,,,,,,,0.0,,,,,,13.35,65,22732.45,22753.25,22569.65,22780.25,ltp,no_price_available
2026-09-29T10:07:53.742489+00:00,2026-09-29T15:37:53.742489+05:30,NIFTY,29-Sep-2026,26850.0,PE,22716.2,4117.5,455,4777.65,780,0.0,4447.575,0,0,0,0,0,,,,,,,,,,,,,,,0.0,,,,,,13.35,65,22732.45,22753.25,22569.65,22780.25,mid_price,no_price_available
2026-09-29T10:07:53.742489+00:00,2026-09-29T15:37:53.742489+05:30,NIFTY,29-Sep-2026,26900.0,CE,22716.2,,0,0.25,390,0.05,,360,118,1432,-85.71428571428571,90.14,,,,,,,,,,,,,,,0.0,,,,,,13.35,65,22732.45,22753.25,22569.65,22780.25,ltp,no_price_available
2026-09-29T10:07:53.742489+00:00,2026-09-29T15:37:53.742489+05:30,NIFTY,29-Sep-2026,26900.0,PE,22716.2,3668.35,780,4840.7,780,0.0,4254.525,1,0,0,0,0,,,,,,,,,,,,,,,0.0,,,,,,13.35,65,22732.45,22753.25,22569.65,22780.25,mid_price,no_price_available
2026-09-29T10:07:53.742489+00:00,2026-09-29T15:37:53.742489+05:30,NIFTY,29-Sep-2026,26950.0,CE,22716.2,,0,0.15,65,0.05,,394,154,1101,-85.71428571428571,91.07,,,,,,,,,,,,,,,0.0,,,,,,13.35,65,22732.45,22753.25,22569.65,22780.25,ltp,no_price_available
2026-09-29T10:07:53.742489+00:00,2026-09-29T15:37:53.742489+05:30,NIFTY,29-Sep-2026,26950.0,PE,22716.2,,0,4647.5,780,0.0,,0,0,0,0,0,,,,,,,,,,,,,,,0.0,,,,,,13.35,65,22732.45,22753.25,22569.65,22780.25,none,no_price_available
2026-09-29T10:07:53.742489+00:00,2026-09-29T15:37:53.742489+05:30,NIFTY,29-Sep-2026,27000.0,CE,22716.2,,0,0.05,11700,0.05,,19416,-2804,26729,-88.88888888888889,96.36,,,,,,,,,,,,,,,0.0,,,,,,13.35,65,22732.45,22753.25,22569.65,22780.25,ltp,no_price_available
2026-09-29T10:07:53.742489+00:00,2026-09-29T15:37:53.742489+05:30,NIFTY,29-Sep-2026,27000.0,PE,22716.2,4290,260,4299.05,65,4290,4294.525,10441.461538461539,-1242,3056,2.352435940258625,157.7,,,,,,,,,,,,,,,0.0,,,,,,13.35,65,22732.45,22753.25,22569.65,22780.25,mid_price,no_price_available
2026-09-29T10:07:53.742489+00:00,2026-09-29T15:37:53.742489+05:30,NIFTY,29-Sep-2026,27050.0,CE,22716.2,,0,0.15,65,0.05,,400,53,825,-83.33333333333333,92.9,,,,,,,,,,,,,,,0.0,,,,,,13.35,65,22732.45,22753.25,22569.65,22780.25,ltp,no_price_available
2026-09-29T10:07:53.742489+00:00,2026-09-29T15:37:53.742489+05:30,NIFTY,29-Sep-2026,27050.0,PE,22716.2,4316.7,455,4830.3,780,0.0,4573.5,0,0,0,0,0,,,,,,,,,,,,,,,0.0,,,,,,13.35,65,22732.45,22753.25,22569.65,22780.25,mid_price,no_price_available
2026-09-29T10:07:53.742489+00:00,2026-09-29T15:37:53.742489+05:30,NIFTY,29-Sep-2026,27100.0,CE,22716.2,,0,0.15,2145,0.05,,607,82,907,-87.5,93.82,,,,,,,,,,,,,,,0.0,,,,,,13.35,65,22732.45,22753.25,22569.65,22780.25,ltp,no_price_available
2026-09-29T10:07:53.742489+00:00,2026-09-29T15:37:53.742489+05:30,NIFTY,29-Sep-2026,27100.0,PE,22716.2,4366.55,455,4635.55,780,0.0,4501.05,0,0,0,0,0,,,,,,,,,,,,,,,0.0,,,,,,13.35,65,22732.45,22753.25,22569.65,22780.25,mid_price,no_price_available
2026-09-29T10:07:53.742489+00:00,2026-09-29T15:37:53.742489+05:30,NIFTY,29-Sep-2026,27150.0,CE,22716.2,,0,0.05,16250,0.05,,2030,808,5454,-85.71428571428571,94.73,,,,,,,,,,,,,,,0.0,,,,,,13.35,65,22732.45,22753.25,22569.65,22780.25,ltp,no_price_available
2026-09-29T10:07:53.742489+00:00,2026-09-29T15:37:53.742489+05:30,NIFTY,29-Sep-2026,27150.0,PE,22716.2,,0,5045.8,780,0.0,,0,0,0,0,0,,,,,,,,,,,,,,,0.0,,,,,,13.35,65,22732.45,22753.25,22569.65,22780.25,none,no_price_available
2026-09-29T10:07:53.742489+00:00,2026-09-29T15:37:53.742489+05:30,NIFTY,29-Sep-2026,27200.0,CE,22716.2,,0,0.05,130,0.05,,3181,-1579,12332,-87.5,95.64,,,,,,,,,,,,,,,0.0,,,,,,13.35,65,22732.45,22753.25,22569.65,22780.25,ltp,no_price_available
2026-09-29T10:07:53.742489+00:00,2026-09-29T15:37:53.742489+05:30,NIFTY,29-Sep-2026,27200.0,PE,22716.2,,0,5151.55,780,0.0,,0,0,0,0,0,,,,,,,,,,,,,,,0.0,,,,,,13.35,65,22732.45,22753.25,22569.65,22780.25,none,no_price_available
2026-09-29T10:07:53.742489+00:00,2026-09-29T15:37:53.742489+05:30,NIFTY,29-Sep-2026,28500.0,CE,22716.2,,0,0.1,5070,0.1,,5146,-871,4167,-75,118.55,,,,,,,,,,,,,,,0.0,,,,,,13.35,65,22732.45,22753.25,22569.65,22780.25,ltp,no_price_available
2026-09-29T10:07:53.742489+00:00,2026-09-29T15:37:53.742489+05:30,NIFTY,29-Sep-2026,28500.0,PE,22716.2,5795.05,65,5814.05,195,5804.5,5804.55,2315,-777,1116,1.8628199391051796,215.81,,,,,,,,,,,,,,,0.0,,,,,,13.35,65,22732.45,22753.25,22569.65,22780.25,mid_price,no_price_available
2026-09-29T10:07:53.742489+00:00,2026-09-29T15:37:53.742489+05:30,NIFTY,29-Sep-2026,30000.0,CE,22716.2,,0,0.05,25155,0.05,,4273.538461538462,187,5771,-85.71428571428571,143.35,,,,,,,,,,,,,,,0.0,,,,,,13.35,65,22732.45,22753.25,22569.65,22780.25,ltp,no_price_available
2026-09-29T10:07:53.742489+00:00,2026-09-29T15:37:53.742489+05:30,NIFTY,29-Sep-2026,30000.0,PE,22716.2,7275.5,65,7290,845,7310,7282.75,752,-319,522,1.3925876608965824,270.25,,,,,,,,,,,,,,,0.0,,,,,,13.35,65,22732.45,22753.25,22569.65,22780.25,mid_price,no_price_available
2026-09-29T10:07:53.742489+00:00,2026-09-29T15:37:53.742489+05:30,NIFTY,29-Sep-2026,31500.0,CE,22716.2,,0,0.05,325,0.25,,441,-242,921,0,185.08,,,,,,,,,,,,,,,0.0,,,,,,13.35,65,22732.45,22753.25,22569.65,22780.25,ltp,no_price_available
2026-09-29T10:07:53.742489+00:00,2026-09-29T15:37:53.742489+05:30,NIFTY,29-Sep-2026,31500.0,PE,22716.2,,0,9104.85,1690,0.0,,0,0,0,0,0,,,,,,,,,,,,,,,0.0,,,,,,13.35,65,22732.45,22753.25,22569.65,22780.25,none,no_price_available
2026-09-29T10:07:53.742489+00:00,2026-09-29T15:37:53.742489+05:30,NIFTY,29-Sep-2026,33000.0,CE,22716.2,,0,0.05,25740,0.05,,1066,213,1150,-87.5,188.62,,,,,,,,,,,,,,,0.0,,,,,,13.35,65,22732.45,22753.25,22569.65,22780.25,ltp,no_price_available
2026-09-29T10:07:53.742489+00:00,2026-09-29T15:37:53.742489+05:30,NIFTY,29-Sep-2026,33000.0,PE,22716.2,10243.3,195,10918.8,1690,0.0,10581.05,0,0,0,0,0,,,,,,,,,,,,,,,0.0,,,,,,13.35,65,22732.45,22753.25,22569.65,22780.25,mid_price,no_price_available
2026-09-29T10:07:53.742489+00:00,2026-09-29T15:37:53.742489+05:30,NIFTY,29-Sep-2026,34500.0,CE,22716.2,,0,0.15,1105,0.05,,403,146,696,-80,209.44,,,,,,,,,,,,,,,0.0,,,,,,13.35,65,22732.45,22753.25,22569.65,22780.25,ltp,no_price_available
2026-09-29T10:07:53.742489+00:00,2026-09-29T15:37:53.742489+05:30,NIFTY,29-Sep-2026,34500.0,PE,22716.2,11737.4,130,12223.4,1690,0.0,11980.4,0,0,0,0,0,,,,,,,,,,,,,,,0.0,,,,,,13.35,65,22732.45,22753.25,22569.65,22780.25,mid_price,no_price_available
